"Code","B._vulgatus","B._uniformis","B._fragilis_spp","B._thetaiotaomicron","B._hansenii","C._ramosum","L._gasseri","E._rectale","B._crossotus","H._parainfluenzae","P._copri","P._melaninogenica","B._adolescentis","E._lenta","F._nucleatum_subsp._nucleatum","C._bolteae","B._longum_subsp._longum","F._nucleatum_subsp._animalis","C._perfringens_S107","D._piger","C._saccharolyticum","S._salivarius","A._odontolyticus","E._siraeum","L._paracasei","B._animalis_subsp._lactis_spp","R._gnavus","C._comes","E._coli_spp","C._difficile","L._lactis","L._plantarum","S._typhimurium_spp","V._cholerae_spp","Alpha_diversity","Transfer","Mix","Medium","pH","Replicate"
"TrA1_InoculumMix11",0.00589101620029455,0.0547373588610702,0.0216003927344134,0.0147275405007364,0.0117820324005891,0.0430780559646539,0.00147275405007364,0.0800196367206676,0.0903289150711831,0.105670103092784,0.069219440353461,0.031786941580756,0.00490918016691213,0.00282277859597447,0.0526509572901325,0.100638193421699,0.00368188512518409,0.0607511045655376,0.00270004909180167,0,0.0120274914089347,0.0312960235640648,0.00441826215022091,0.0278595974472263,0.00589101620029455,0.00576828669612175,0.0122729504172803,0.0272459499263623,0.0612420225822288,0.0038046146293569,0.00466372115856652,0,0.0216003927344134,0.0234413352970054,3.00392893676195,NA,1,NA,NA,1
"TrA1_InoculumMix12",0.00810004263180332,0.0453318175358818,0.0189000994742078,0.0120790109421629,0.0260054000284212,0.0483160437686514,0.0022736961773483,0.0731845957083985,0.102458433991758,0.0937899673156175,0.0716214295864715,0.0328264885604661,0.00753161858746625,0.00497371038794941,0.0493107858462413,0.0834162285064658,0.00511581639903368,0.0648003410544266,0.0045473923546966,0,0.01165269290891,0.0312633224385392,0.00895267869830894,0.0241580218843257,0,0.0109421628534887,0.0230211737956516,0.0294159442944437,0.0591161006110558,0.00341054426602245,0.00909478470939321,0,0.0162000852636066,0.0181895694187864,3.0594431924334,NA,1,NA,NA,2
"TrA1_InoculumMix13",0.0071882775781034,0.0518385402267072,0.0237766104506497,0.0154824440143766,0,0.0377384572850429,0.00165883328725463,0.0644180259883882,0.0917887752280896,0.124412496544097,0.0785181089300525,0.0362178601050594,0.00400884711086536,0,0.0680121647774399,0.0881946364390379,0.00331766657450926,0.0774122200718828,0.0035941387890517,0,0.0116118330107824,0.0341443184959912,0,0.0304119435996682,0,0,0,0.0233619021288361,0.064970970417473,0.00470002764722145,0.00635886093447609,0.00041470832181365,0.0204589438761404,0.0259883881669892,2.88176635368361,NA,1,NA,NA,3
"TrA1_InoculumMix21",0.00884111987518419,0.0522666204385889,0.0135217127502817,0.0176822397503684,0.0208893126462685,0.049839646355205,0.00138684233336223,0.0938718904394557,0.133830285169455,0,0.0858108693767877,0.0349310912715611,0.00823437635433822,0.00390049406258126,0.0684753402097599,0.0848574152726012,0.0055473693334489,0.0886712316893473,0.00520065875010835,0,0.0133483574586114,0.0378781312299558,0.0122215480627546,0.0266967149172228,0.0145618445003034,0.00927450810435989,0.0238363526046633,0.0366646441882638,0.0351044465632313,0,0.00944786339603016,0,0.00320707289590015,0,2.93670053133053,NA,2,NA,NA,1
"TrA1_InoculumMix22",0.00794251134644478,0.0554084720121029,0.0124810892586989,0.0149394856278366,0.0255295007564297,0.0429273827534039,0.00226928895612708,0.146180030257186,0.150151285930408,0,0,0.0427382753403933,0.0075642965204236,0.00491679273827534,0.0658093797276853,0.10571104387292,0.0056732223903177,0.0832072617246596,0.00340393343419062,0,0.0149394856278366,0.0482223903177005,0,0.0274205748865356,0.0094553706505295,0.00794251134644478,0.0277987897125567,0.0446293494704992,0.0323373676248109,0,0.00718608169440242,0,0.00321482602118003,0,2.7879706237171,NA,2,NA,NA,2
"TrA1_InoculumMix23",0.00781134856300663,0.0434782608695652,0.0104642593957259,0.0137067059690494,0.0244657332350774,0.0446573323507738,0.00191599115696389,0.106558585114223,0.162859248341931,0,0.0832719233603537,0.0338983050847458,0.00781134856300663,0,0.0536477523949889,0.0820928518791452,0.00619012527634488,0.0832719233603537,0.00486366985998526,0,0.0162122328666175,0.0369933677229182,0.0112011790714812,0.023581429624171,0.0188651436993368,0.010759027266028,0.0302137067059691,0.0378776713338246,0.032277081798084,0,0.00766396462785556,0,0.00338983050847458,0,2.89092256138286,NA,2,NA,NA,3
"TrA1_InoculumMix31",0.00729442970822281,0.0424403183023873,0.020026525198939,0.0136604774535809,0.0226790450928382,0.0428381962864721,0,0.0773209549071618,0.105968169761273,0.109283819628647,0.0721485411140584,0.0370026525198939,0.00702917771883289,0.00424403183023873,0.0425729442970822,0.0820954907161804,0,0.0643236074270557,0.00503978779840849,0,0.0116710875331565,0.0372679045092838,0.00994694960212202,0.0230769230769231,0,0,0.0229442970822281,0.0355437665782493,0.0611405835543767,0.00397877984084881,0.00013262599469496,0,0.0180371352785146,0.0202917771883289,2.97610553548639,NA,3,NA,NA,1
"TrA1_InoculumMix32",0.00729684908789386,0.0401326699834163,0.0202321724709784,0.0124378109452736,0.0137645107794362,0.0353233830845771,0,0.0728026533996683,0.162520729684909,0.106301824212272,0.0650082918739635,0.0356550580431177,0.00514096185737977,0.00298507462686567,0.0529021558872305,0.0885572139303483,0,0.0674958540630182,0.00265339966832504,0,0.0139303482587065,0.0358208955223881,0,0.0218905472636816,0,0,0.0180762852404643,0.0308457711442786,0.0502487562189055,0.00398009950248756,0,0,0.015257048092869,0.0187396351575456,2.8616029464601,NA,3,NA,NA,2
"TrA1_InoculumMix33",0.00849420849420849,0.0472329472329472,0.0205920205920206,0.0136422136422136,0.025997425997426,0.050965250965251,0,0.0805662805662806,0.0942084942084942,0.110810810810811,0.0684684684684685,0.0317889317889318,0.00733590733590734,0,0.0537966537966538,0.0728442728442728,0,0.0738738738738739,0.00411840411840412,0,0.0101673101673102,0.0465894465894466,0.00849420849420849,0.0205920205920206,0,0,0.019047619047619,0.0292149292149292,0.0575289575289575,0.00334620334620335,0,0,0.0193050193050193,0.020978120978121,2.96071071366756,NA,3,NA,NA,3
"TrA1_Transfer6Mix2Med13pH553",0,0,0,0,0,0,0,0,0,0,0,0,0,0,0,0,0,0,0,0,0,0,0,0,0,0,0,0,0.99766446087972,0,0.00233553912028026,0,0,0,0.0164850381817078,6,2,"13",5.5,3
"TrA1_Transfer8Mix2Med10pH551",0,0,0,0,0,0,0,0,0,0,0,0,0,0,0,0,0,0,0,0,0,0,0,0,0.150954308849046,0,0,0,0,0,0,0.849045691150954,0,0,0.424360867765806,8,2,"10",5.5,1
"TrA1_Transfer8Mix2Med10pH552",0,0,0,0,0,0,0,0,0,0,0,0,0,0,0,0,0.00296345077378992,0,0,0,0,0,0,0,0.200526835693118,0,0,0.00032927230819888,0,0,0,0.796180441224893,0,0,0.52357266635893,8,2,"10",5.5,2
"TrA1_Transfer8Mix2Med10pH553",0,0,0,0,0,0,0,0,0,0,0,0,0,0,0,0,0,0,0,0,0,0,0,0,0.216200798630918,0,0,0,0,0,0,0.783799201369082,0,0,0.522057207608563,8,2,"10",5.5,3
"TrA1_Transfer8Mix2Med10pH71",0,0,0,0,0,0.30406342913776,0,0,0,0,0,0,0,9.91080277502478e-05,0,0.00604558969276511,0.00277502477700694,0,0,0,0,0.506243805748266,0,0,0.1201189296333,0,0,0,0.0517343904856293,0,0.00267591674925669,0.00624380574826561,0,0,1.21007444023578,8,2,"10",7,1
"TrA1_Transfer8Mix2Med10pH72",0,0,0,0,0,0.34272955623779,0,0,0,0,0,0,0,0,0,0,0.006698297516048,0,0,0,0,0.452879337612801,0,0,0.104102707228579,0,0,0.00400037212763978,0.0719136663875709,0,0.0130244673923156,0.00465159549725556,0,0,1.28769412406173,8,2,"10",7,2
"TrA1_Transfer8Mix2Med10pH73",0,0,0,0,0,0.317450365726228,0,0,0,0,0,0,0,0,0,0,0.00334378265412748,0,0.00020898641588296,0,0,0.497283176593521,0,0,0.0994775339602926,0,0,0.00292580982236155,0.0675026123301985,0,0.00626959247648903,0.00553814002089864,0,0,1.22166763119992,8,2,"10",7,3
"TrA1_Transfer8Mix2Med11pH551",0,0,0,0,0,0,0,0,0,0,0,0,0.00086749078291043,0,0,0,0.103665148557797,0,0,0,0,0,0,0,0.772934287573194,0.00346996313164173,0,0,0,0,0,0.119063109954457,0,0,0.71319087713032,8,2,"11",5.5,1
"TrA1_Transfer8Mix2Med11pH552",0,0,0,0,0,0,0,0,0,0,0,0,0.0025416190113102,0,0,0,0.0429533612911425,0,0,0,0,0,0,0,0.487990850171559,0.0175371711780404,0,0,0,0,0,0.448976998347948,0,0,0.930944830124779,8,2,"11",5.5,2
"TrA1_Transfer8Mix2Med11pH553",0,0,0,0,0,0,0,0,0,0,0,0,0,0,0,0,0.0366611433305717,0,0,0,0,0,0,0,0.852734051367026,0.00704225352112676,0,0,0,0,0,0.103562551781276,0,0,0.526786617151078,8,2,"11",5.5,3
"TrA1_Transfer8Mix2Med11pH71",0,0.00382519995363394,0.00069549090066071,0.00231830300220239,0,0.377767474208879,0,0,0,0,0,0,0,0.00162281210154167,0,0,0,0,0,0,0.00127506665121131,0.403732467833546,0,0,0.0693172597658514,0,0,0.0469456357945984,0.0901819867856729,0,0,0.00231830300220239,0,0,1.352913723886,8,2,"11",7,1
"TrA1_Transfer8Mix2Med11pH72",0,0.00343938091143594,0,0.00248399732492596,0,0.354829464029808,0,0,0,0,0,0,0,0,0,0,0,0,0,0,0.00114646030381198,0.433935224992835,0,0,0.0801566829081876,0,0,0.0250310499665616,0.0962071271615554,0,0,0.00277061240087895,0,0,1.30825465494045,8,2,"11",7,2
"TrA1_Transfer8Mix2Med11pH73",0,0.00538257701225571,0.00066247101689301,0.00240145743623716,0,0.31467373302418,0,0,0,0,0,0,0,0.00107651540245114,0,0,0,0,0,0,0.00099370652533951,0.452798940046373,0,0,0.0939052666445843,0,0,0.0225240145743624,0.102931434249752,0,0,0.00264988406757204,0,0,1.34159484434047,8,2,"11",7,3
"TrA1_Transfer8Mix2Med13pH551",0,0,0.0004009623095429,0,0,0,0,0,0,0,0,0,0,0,0,0,0,0,0,0,0,0.0132317562149158,0,0,0.104651162790698,0,0,0,0.881315156375301,0,0,0.0004009623095429,0,0,0.411057373838404,8,2,"13",5.5,1
"TrA1_Transfer8Mix2Med13pH552",0,0,0,0,0,0,0,0,0,0,0,0,0,0,0,0,0,0,0,0,0,0,0,0,0.0438756855575868,0,0,0,0.956124314442413,0,0,0,0,0,0.180071475851039,8,2,"13",5.5,2
"TrA1_Transfer8Mix2Med13pH553",0,0,0,0,0,0,0,0,0,0,0,0,0,0,0,0,0,0,0,0,0,0,0,0,0.0973986690865094,0,0,0,0.901996370235935,0,0.00060496067755595,0,0,0,0.324355111083744,8,2,"13",5.5,3
"TrA1_Transfer8Mix2Med13pH71",0,0,0.241421820423259,0,0,0.522909389767824,0,0,0,0,0,0,0,0,0,0.013149784261352,0,0,0,0,0,0,0,0,0,0,0,0,0.222519005547565,0,0,0,0,0,1.0734829234697,8,2,"13",7,1
"TrA1_Transfer8Mix2Med13pH72",0,0,0.229533050333535,0,0,0.49241964827168,0,0,0,0,0,0,0,0,0,0,0.00848999393571862,0,0.0469981807155852,0,0,0.00090964220739842,0,0,0.0191024863553669,0,0,0,0.202243784111583,0,0,0.0003032140691328,0,0,1.27851405582851,8,2,"13",7,2
"TrA1_Transfer8Mix2Med13pH73",0,0,0.213796477495108,0,0,0.489970645792564,0,0,0,0,0,0,0,0,0,0,0.0073385518590998,0,0.0477005870841487,0,0,0,0,0,0.0217710371819961,0,0,0,0.219422700587084,0,0,0,0,0,1.27672240776312,8,2,"13",7,3
"TrA1_Transfer8Mix2Med14pH73",0,0,0,0,0,0,0,0,0,0,0,0,0,0,0,0,0.159377628259041,0,0.37636669470143,0,0,0,0,0,0.460470984020185,0,0,0,0,0,0,0.00378469301934399,0,0,1.03868011970545,8,2,"14",7,3
"TrA1_Transfer8Mix2Med15BpH551",0,0,0,0,0,0,0,0,0,0,0,0,0,0,0,0,0,0,0,0,0,0,0,0,0,0,0,0,1,0,0,0,0,0,0,8,2,"15B",5.5,1
"TrA1_Transfer8Mix2Med15BpH552",0,0,0,0,0,0,0,0,0,0,0,0,0,0,0,0,0.00040032025620496,0,0,0,0,0,0,0,0,0,0,0,0.999599679743795,0,0,0,0,0,0.00353204383660632,8,2,"15B",5.5,2
"TrA1_Transfer8Mix2Med15BpH553",0,0,0,0,0,0.00451467268623025,0,0,0,0,0,0,0,0,0,0,0,0,0,0,0,0,0,0,0.00451467268623025,0,0,0,0.99097065462754,0,0,0,0,0,0.0577507383019298,8,2,"15B",5.5,3
"TrA1_Transfer8Mix2Med15BpH71",0,0,0,0,0,0,0,0,0,0,0,0,0,0,0,0,0,0,0,0,0,0,0,0,0.00370233246945576,0,0,0,0.996297667530544,0,0,0,0,0,0.0244240607396561,8,2,"15B",7,1
"TrA1_Transfer8Mix2Med15BpH72",0,0,0,0,0,0,0,0,0,0,0,0,0,0,0,0,0,0,0,0,0,0,0,0,0,0,0,0,1,0,0,0,0,0,0,8,2,"15B",7,2
"TrA1_Transfer8Mix2Med15BpH73",0,0,0,0,0,0,0,0,0,0,0,0,0,0,0,0,0,0,0,0,0,0,0,0,0.0160349854227405,0,0,0,0.983965014577259,0,0,0,0,0,0.0821780441402592,8,2,"15B",7,3
"TrA1_Transfer8Mix2Med16pH551",0,0,0,0,0,0,0,0,0,0,0,0,0,0,0,0,0,0,0,0,0,0,0,0,0,0,0,0,1,0,0,0,0,0,0,8,2,"16",5.5,1
"TrA1_Transfer8Mix2Med16pH552",0,0,0,0,0,0,0,0,0,0,0,0,0,0,0,0,0,0,0,0,0,0,0,0,0,0,0,0,0.999524714828897,0,0.00047528517110266,0,0,0,0.00411186211673687,8,2,"16",5.5,2
"TrA1_Transfer8Mix2Med16pH553",0,0,0,0,0,0,0,0,0,0,0,0,0,0,0,0,0,0,0.00084889643463497,0,0,0,0,0,0,0,0,0,0.999151103565365,0,0,0,0,0,0.00685156943619615,8,2,"16",5.5,3
"TrA1_Transfer8Mix2Med16pH71",0,0.00985761226725082,0,0,0,0,0,0,0,0,0,0,0,0,0,0,0,0,0,0,0.0613362541073384,0,0,0,0,0,0,0,0.928806133625411,0,0,0,0,0,0.285347605645649,8,2,"16",7,1
"TrA1_Transfer8Mix2Med16pH72",0,0,0,0,0,0,0,0,0,0,0,0,0,0,0,0,0,0,0,0,0.0392156862745098,0,0,0,0,0,0,0,0.96078431372549,0,0,0,0,0,0.165443496086275,8,2,"16",7,2
"TrA1_Transfer8Mix2Med16pH73",0,0,0,0,0,0,0,0,0,0,0,0,0,0,0,0,0,0,0,0,0.0759289176090469,0,0,0,0,0,0,0,0.924071082390953,0,0,0,0,0,0.26871199263675,8,2,"16",7,3
"TrA1_Transfer8Mix2Med1pH71",0,0.0303067484662577,0,0.00858895705521472,0,0.688711656441718,0,0,0,0,0,0,0,0,0,0,0,0,0,0.0537423312883436,0.00809815950920245,0.00171779141104294,0,0,0,0,0,0.0688343558282209,0.14,0,0,0,0,0,1.07018428067844,8,2,"1",7,1
"TrA1_Transfer8Mix2Med1pH72",0,0.0365081336148019,0,0.0119210232211598,0,0.660002483546504,0,0,0,0,0,0,0,0,0,0,0,0,0,0.0685458835216689,0.00707810753756364,0,0,0,0,0,0,0.0522786539177946,0.163665714640507,0,0,0,0,0,1.11716087919685,8,2,"1",7,2
"TrA1_Transfer8Mix2Med1pH73",0,0.0197846959557754,0,0.00552807681117253,0,0.683881291824265,0,0,0,0,0,0,0,0,0,0,0,0,0,0.0413151003782368,0.0046552225778295,0,0,0,0,0,0,0.103869653767821,0.1409659586849,0,0,0,0,0,1.03426179470479,8,2,"1",7,3
"TrA1_Transfer8Mix2Med2pH551",0,0,0,0,0,0,0,0,0,0,0,0,0,0,0,0,0,0,0,0,0,0,0,0,0.817550818046604,0,0,0,0,0,0,0.182449181953396,0,0,0.475087049036539,8,2,"2",5.5,1
"TrA1_Transfer8Mix2Med2pH552",0,0,0,0,0,0,0,0,0,0,0,0,0,0,0,0,0,0,0,0,0,0,0,0,0.825394925801819,0,0,0,0,0,0,0.174605074198181,0,0,0.463113528429166,8,2,"2",5.5,2
"TrA1_Transfer8Mix2Med2pH553",0,0,0,0,0,0,0,0,0,0,0,0,0,0,0,0,0,0,0,0,0,0,0,0,0.887469084913438,0,0,0,0,0,0,0.112530915086562,0,0,0.351774327792961,8,2,"2",5.5,3
"TrA1_Transfer8Mix2Med2pH71",0,0,0,0,0,0.00048271867155821,0,0,0,0,0,0,0,0,0,0,0.0243290210465341,0,0,0,0,0,0,0,0.743000579262406,0,0,0,0.0175709596447191,0,0,0.214616721374783,0,0,0.716096570801492,8,2,"2",7,1
"TrA1_Transfer8Mix2Med2pH72",0,0,0,0,0,0,0,0,0,0,0,0,0,0,0,0,0.0424226715050976,0,0,0,0,0,0,0,0.77319854847071,0,0,0,0.00017280110592707,0,0,0.184205978918265,0,0,0.646058807755798,8,2,"2",7,2
"TrA1_Transfer8Mix2Med2pH73",0,0,0,0,0,0,0,0,0,0,0,0,0,0,0,0,0.017665740373164,0,0.00059547439460103,0,0,0,0,0,0.773124255657007,0,0,0,0,0,0,0.208614529575228,0,0,0.601614813569716,8,2,"2",7,3
"TrA1_Transfer8Mix2Med3pH551",0,0,0,0,0,0,0,0,0,0,0,0,0,0,0,0,0,0,0,0,0,0,0,0,0.739508588823657,0,0,0,0,0,0,0.260491411176343,0,0,0.573570290466083,8,2,"3",5.5,1
"TrA1_Transfer8Mix2Med3pH552",0,0,0,0,0,0.00014790711433219,0,0,0,0,0,0,0,0,0,0,0,0,0,0,0,0,0,0,0.797515160479219,0,0,0,0,0,0,0.202336932406449,0,0,0.505043920977605,8,2,"3",5.5,2
"TrA1_Transfer8Mix2Med3pH553",0,0,0,0,0,0,0,0,0,0,0,0,0,0,0,0,0,0,0,0,0,0,0,0,0.739088263821532,0,0,0,0,0,0,0.260911736178468,0,0,0.574008405892694,8,2,"3",5.5,3
"TrA1_Transfer8Mix2Med3pH71",0,0,0.00066126632501239,0,0,0.293271615142999,0,0,0,0,0,0,0,0.00347164820631509,0,0,0,0,0.00925772855017358,0,0.00347164820631509,0.50504215572822,0,0,0.0724086625888577,0,0,0.0208298892378906,0.0902628533641924,0,0,0.0013225326500248,0,0,1.28884880351989,8,2,"3",7,1
"TrA1_Transfer8Mix2Med3pH72",0,0.00301743406347787,0.00067054090299508,0.00078229772016093,0,0.309789897183728,0,0,0,0,0,0,0,0.00257040679481448,0,0,0,0,0.0100581135449262,0,0.00279392042914618,0.483236477425123,0,0,0.0628073312472061,0,0,0.021904336164506,0.0999105945462673,0,0,0.00245864997764864,0,0,1.32293317355769,8,2,"3",7,2
"TrA1_Transfer8Mix2Med3pH73",0,0.00203252032520325,0,0,0,0.281616982836495,0,0,0,0,0,0,0,0.0031616982836495,0,0,0,0,0.012646793134598,0,0.00158084914182475,0.52563233965673,0,0,0.082542908762421,0,0,0.00632339656729901,0.0764453477868112,0.00485546522131888,0,0.0031616982836495,0,0,1.26973595475723,8,2,"3",7,3
"TrA1_Transfer8Mix2Med4pH551",0,0,0,0,0,0,0,0,0,0,0,0,0,0,0,0,0,0,0,0,0,0,0,0,0.89806336601572,0,0,0,0,0,0,0.10193663398428,0,0,0.329317475186015,8,2,"4",5.5,1
"TrA1_Transfer8Mix2Med4pH552",0,0,0,0,0,0,0,0,0,0,0,0,0,0,0,0,0,0,0,0,0,0,0,0,0.950713359273671,0,0,0,0,0,0,0.0492866407263294,0,0,0.196409419539311,8,2,"4",5.5,2
"TrA1_Transfer8Mix2Med4pH553",0,0,0,0,0,0,0,0,0,0,0,0,0,0,0,0,0,0,0,0,0,0,0,0,0.998378573144367,0,0,0,0,0,0,0.00162142685563296,0,0,0.0120368853554901,8,2,"4",5.5,3
"TrA1_Transfer8Mix2Med4pH71",0,0,0,0,0,0.0007166746297181,0,0,0,0,0,0,0.00358337314859054,0,0,0,0.112279025322504,0,0.184663162924032,0,0,0.651696129957,0,0,0,0,0,0,0.0425226946966077,0,0,0.00453893932154802,0,0,1.02063793185455,8,2,"4",7,1
"TrA1_Transfer8Mix2Med4pH72",0,0,0,0,0,0,0,0,0,0,0,0,0.0130505709624796,0,0,0,0.275693311582382,0,0.338907014681892,0,0,0.24184339314845,0,0,0.0114192495921697,0,0,0,0.114192495921697,0,0,0.00489396411092985,0,0,1.4467321349864,8,2,"4",7,2
"TrA1_Transfer8Mix2Med4pH73",0,0,0,0,0,0,0,0,0,0,0,0,0.0105222135619641,0,0,0,0.323850350740452,0,0.400233826968044,0,0,0.130553390491037,0,0,0,0,0,0,0.128604832424006,0,0,0.00623538581449727,0,0,1.34078374268422,8,2,"4",7,3
"TrA1_Transfer8Mix2Med5pH551",0,0,0,0,0,0,0,0,0,0,0,0,0,0,0,0,0,0,0,0,0,0,0,0,0.127942998760843,0,0,0,0,0,0,0.872057001239157,0,0,0.382457641345191,8,2,"5",5.5,1
"TrA1_Transfer8Mix2Med5pH552",0,0,0,0,0,0,0,0,0,0,0,0,0,0,0,0,0,0,0,0,0,0,0,0,0.312585686865917,0,0,0,0,0,0,0.687414313134083,0,0,0.621153917908823,8,2,"5",5.5,2
"TrA1_Transfer8Mix2Med5pH553",0,0,0,0,0,0,0,0,0,0,0,0,0,0,0,0,0,0,0,0,0,0,0,0,0.322156063929803,0,0,0,0,0,0,0.677843936070197,0,0,0.628483968854239,8,2,"5",5.5,3
"TrA1_Transfer8Mix2Med5pH71",0,0.0188440444381943,0,0.00168752636759949,0,0.0870482351286739,0,0,0,0,0,0,0,0.00182815356489945,0,0.00689073266769793,0,0,0.0361411897060892,0,0.00337505273519899,0.659541555336802,0,0,0.00520320630009844,0,0.00281254394599916,0.0389537336520883,0.13387709182956,0,0,0.00351567993249895,0.00028125439459991,0,1.21933620101759,8,2,"5",7,1
"TrA1_Transfer8Mix2Med5pH72",0,0.0259562841530055,0,0.00175644028103044,0,0.0544496487119438,0,0,0,0,0,0,0,0,0,0.00761124121779859,0,0,0.0372755659640906,0,0.00507416081186573,0.640515222482436,0,0,0.0230288836846214,0,0.00624512099921936,0.0402029664324746,0.147345823575332,0,0,0.00253708040593287,0.00800156128024981,0,1.31999116042301,8,2,"5",7,2
"TrA1_Transfer8Mix2Med5pH73",0,0.0188805720031281,0.00044687744386102,0.0010054742486873,0,0.0430119539716233,0,0,0,0,0,0,0,0.00234610658027036,0,0.0107250586526645,0,0,0.042006479722936,0,0.0042453357166797,0.700703831974081,0,0,0.0201094849737459,0,0,0.0331806502066808,0.121438945369232,0,0,0,0.00189922913640934,0,1.14857502672585,8,2,"5",7,3
"TrA1_Transfer8Mix2Med7pH551",0,0,0,0,0,0,0,0,0,0,0,0,0,0,0,0,0,0,0,0,0,0,0,0,0.490635554190973,0,0,0,0,0,0,0.509364445809027,0,0,0.692971784614506,8,2,"7",5.5,1
"TrA1_Transfer8Mix2Med7pH552",0,0,0,0,0,0,0,0,0,0,0,0,0,0,0,0,0,0,0,0,0,0,0,0,0.391659111514053,0,0,0,0,0,0,0.608340888485947,0,0,0.669484445337406,8,2,"7",5.5,2
"TrA1_Transfer8Mix2Med7pH553",0,0,0,0,0,0,0,0,0,0,0,0,0,0,0,0,0,0,0,0,0,0,0,0,0.458008260670032,0,0,0,0,0,0,0.541991739329968,0,0,0.689616410810648,8,2,"7",5.5,3
"TrA1_Transfer8Mix2Med7pH71",0,0.0510026155187445,0,0,0,0.0298605056669573,0,0,0,0,0,0,0,0.00915431560592851,0.00980819529206626,0,0,0,0.022667829119442,0,0.016564952048823,0,0,0,0.0414123801220575,0,0.015693112467306,0.225806451612903,0.255013077593723,0,0.317131647776809,0,0.00588491717523976,0,1.77467825118792,8,2,"7",7,1
"TrA1_Transfer8Mix2Med7pH72",0,0.0394663702056698,0,0,0,0.0247359644246804,0,0,0,0,0,0,0,0.0105614230127849,0.00639244024458032,0,0,0,0.0244580322401334,0,0.0116731517509728,0,0,0,0.0680933852140078,0,0,0.152028904947193,0.341856586992774,0,0.320733740967204,0,0,0,1.64313661526672,8,2,"7",7,2
"TrA1_Transfer8Mix2Med7pH73",0,0.0490845344760421,0,0,0,0.0264900662251656,0,0,0,0,0,0,0,0.00895987534086482,0.00779119594857811,0,0,0,0.0280483054148812,0,0.0167510712894429,0,0,0,0.0393455395403194,0,0,0.212699649396182,0.285157771717959,0,0.308920919361122,0,0.0167510712894429,0,1.73864724743993,8,2,"7",7,3
"TrA1_Transfer8Mix2Med8pH551",0,0,0,0,0,0,0.001,0,0,0,0,0,0,0,0,0,0,0,0,0,0,0,0,0,0.8352,0,0,0,0,0,0,0.1638,0,0,0.453646035558092,8,2,"8",5.5,1
"TrA1_Transfer8Mix2Med8pH552",0,0,0,0,0,0,0.00100522718134298,0,0,0,0,0,0,0,0,0,0,0,0,0,0,0,0,0,0.858061921994371,0,0,0,0,0,0,0.140932850824286,0,0,0.414443831804243,8,2,"8",5.5,2
"TrA1_Transfer8Mix2Med8pH553",0,0,0,0,0,0,0,0,0,0,0,0,0,0,0,0,0,0,0,0,0,0,0,0,0.853354487760653,0,0,0,0,0,0,0.146645512239347,0,0,0.416845987915761,8,2,"8",5.5,3
"TrA1_Transfer8Mix2Med8pH71",0,0.00868256540865941,0.0540634406112526,0.0392451956471405,0.0815003473026163,0.231766612641815,0,0,0,0,0,0,0,0.00972447325769854,0.00752489002083816,0.068302847881454,0.00115767538782125,0,0.0188701088214865,0,0.00300995600833526,0.237554989580921,0,0,0.0768696457513313,0,0,0.0831210928455661,0.0775642509840241,0,0.00104190784903913,0,0,0,2.18547156440833,8,2,"8",7,1
"TrA1_Transfer8Mix2Med8pH72",0,0.00740740740740741,0.0594650205761317,0.0516460905349794,0.0713991769547325,0.218518518518519,0,0,0,0,0,0,0,0,0.00473251028806584,0.0740740740740741,0.00205761316872428,0,0.0314814814814815,0,0.00349794238683128,0.211316872427984,0,0,0.0701646090534979,0,0,0.0921810699588477,0.102057613168724,0,0,0,0,0,2.20509080773933,8,2,"8",7,2
"TrA1_Transfer8Mix2Med8pH73",0,0.0072293864790934,0.0613520906604142,0.0533411488862837,0.0769831965611567,0.24443141852286,0,0,0,0,0,0,0,0.00234466588511137,0.00586166471277843,0.0744431418522861,0,0,0.0246189917936694,0,0.00273544353262993,0.247753028526768,0,0,0.0754200859710824,0,0,0.0371238765142634,0.0849941383352872,0,0.00136772176631497,0,0,0,2.13147069053482,8,2,"8",7,3
"TrA1_Transfer8Mix2Med9pH551",0.00312593033640965,0.0193509973206311,0.139476034534088,0.00089312295325989,0.0497171777314677,0.0448050014885383,0,0,0,0,0,0,0,0.00044656147662994,0,0.139178326883001,0,0,0.0660910985412325,0,0.00238166120869306,0,0,0,0.15123548675201,0,0.055969038404287,0.327329562369753,0,0,0,0,0,0,1.94817558325237,8,2,"9",5.5,1
"TrA1_Transfer8Mix2Med9pH552",0.00385462555066079,0.0227606461086637,0.13197503671072,0,0.0581864904552129,0.0554331864904552,0,0,0,0,0,0,0,0,0,0.137298091042584,0.00055066079295154,0,0.0723201174743025,0,0.00367107195301028,0,0,0,0.131057268722467,0,0.052496328928047,0.330396475770925,0,0,0,0,0,0,1.97485355722418,8,2,"9",5.5,2
"TrA1_Transfer8Mix2Med9pH553",0.00253018976423232,0.0131109833237493,0.108338125359402,0.00057504312823461,0.0408280621046579,0.0431282346175963,0,0,0,0,0,0,0,0,0,0.118918918918919,0.00161012075905693,0,0.0615296147211041,0,0.0019551466359977,0,0,0,0.131914893617021,0,0.049683726279471,0.425876940770558,0,0,0,0,0,0,1.81040533421884,8,2,"9",5.5,3
"TrA1_Transfer8Mix2Med9pH71",0,0.0150642445724413,0.0565647614827943,0.143553389455029,0.116230985083444,0.296558853935903,0,0,0,0,0,0,0,0.0085659429921725,0.00295377344557672,0.111504947570521,0,0,0.050509525919362,0,0.00191995273962487,0,0,0,0.0174272633289027,0,0.0267316496824694,0.0500664599025255,0.102348249889233,0,0,0,0,0,2.13094007975299,8,2,"9",7,1
"TrA1_Transfer8Mix2Med9pH72",0.0026431718061674,0.0176211453744493,0.0612334801762115,0.125991189427313,0.140088105726872,0.298237885462555,0,0,0,0,0,0,0,0.00484581497797357,0,0.0991189427312775,0.00022026431718061,0,0.0638766519823789,0,0.0026431718061674,0,0,0,0.00881057268722467,0,0.0427312775330396,0.0422907488986784,0.089647577092511,0,0,0,0,0,2.12964350510163,8,2,"9",7,2
"TrA1_Transfer8Mix2Med9pH73",0.00250044650830505,0.0157170923379175,0.0676906590462583,0.128058581889623,0.118592605822468,0.297195927844258,0,0,0,0,0,0,0,0.00642971959278443,0,0.085729594570459,0,0,0.0669762457581711,0,0.00267904983032684,0,0,0,0.0173245222361136,0,0.0321485979639221,0.0719771387747812,0.0869798178246115,0,0,0,0,0,2.16174197414099,8,2,"9",7,3
"TrA1_Transfer9Mix1Med10pH551",0,0,0,0,0,0,0,0,0,0,0,0,0,0,0,0,0,0,0,0,0,0,0,0,0.0933908045977011,0,0,0,0,0,0,0.906609195402299,0,0,0.310313493945451,9,1,"10",5.5,1
"TrA1_Transfer9Mix1Med10pH552",0,0,0,0,0,0,0,0,0,0,0,0,0,0,0,0,0,0,0,0,0,0,0,0,0.226990049751244,0,0,0,0.00062189054726368,0,0,0.772388059701492,0,0,0.540666514369234,9,1,"10",5.5,2
"TrA1_Transfer9Mix1Med10pH553",0,0,0,0,0,0,0,0,0,0,0,0,0,0,0,0,0,0,0,0,0,0,0,0,0.0966719492868463,0,0,0,0,0,0,0.903328050713154,0,0,0.317708348457423,9,1,"10",5.5,3
"TrA1_Transfer9Mix1Med10pH71",0,0,0,0,0,0.395485466914038,0,0,0,0,0,0,0,0,0,0.00541125541125541,0.00247371675943105,0,0,0,0,0.510126777983921,0,0,0.0441403834260977,0,0,0,0.0269789734075448,0,0.012291280148423,0.00309214594928881,0,0,1.06046158138923,9,1,"10",7,1
"TrA1_Transfer9Mix1Med10pH72",0,0,0,0,0,0.531148429035753,0,0,0,0,0,0,0,0,0,0.00216684723726977,0.0157096424702058,0,0,0,0,0.319790538100397,0,0,0.0485734922354641,0,0,0.00469483568075117,0.0313289996388588,0,0.0430660888407367,0.00352112676056338,0,0,1.21511970570318,9,1,"10",7,2
"TrA1_Transfer9Mix1Med10pH73",0,0,0,5.0666261336576e-05,0,0.37406900744794,0,0,0,0,0,0,0,0,0,0.00369863707757005,0.00613061762172569,0,0,0,0,0.539646349495871,0,0,0.0389116887064903,0,0,0.00182398540811674,0.0253837969296246,0,0.00744794041647667,0.00283731063484825,0,0,1.03736245644008,9,1,"10",7,3
"TrA1_Transfer9Mix1Med11pH551",0,0,0,0,0,0.0152410984101958,0,0,0,0,0,0,0,0,0,0,0.00472999605833662,0,0,0,0,0,0,0,0.366837472079884,0.00105111023518592,0,0,0.00210222047037183,0,0,0.610038102746025,0,0,0.778636246982698,9,1,"11",5.5,1
"TrA1_Transfer9Mix1Med11pH552",0,0,0,0,0,0.00110741971207087,0,0,0,0,0,0,0,0,0,0,0,0,0,0,0,0,0,0,0.549596582819174,0,0,0,0,0,0,0.449295997468755,0,0,0.69597899661703,9,1,"11",5.5,2
"TrA1_Transfer9Mix1Med11pH553",0,0,0.00014903129657228,0,0,0,0,0,0,0,0,0,0,0,0,0,0.0101341281669151,0,7.45156482861401e-05,0,0,0,0,0,0.746050670640835,0.00059612518628912,0,0,0,0,0,0.242995529061103,0,0,0.615315091989838,9,1,"11",5.5,3
"TrA1_Transfer9Mix1Med11pH71",0.00129157248950597,0.0108169195996125,0.00064578624475298,0.0117317834463459,0,0.699225056506296,0,0,0,0,0,0,0,0.00091486384673339,0,0,0,0,0,0,0.00226025185663545,0.00220643633623937,0,0,0.0866429878376924,0,0.0597352276396513,0.0175976751695189,0.0898719190614573,0.0127542783338715,0,0.00252932945861586,0.00177591217307071,0,1.1481727636155,9,1,"11",7,1
"TrA1_Transfer9Mix1Med11pH72",0.00129748432206444,0.0118936062855907,0.00093707201037987,0.00886614286744035,0,0.731781157644345,0,0,0,0,0,0,0,0,0,0,0,0,0,0,0.00252288618179197,0.00288329849347654,0,0,0.0887335111367404,0,0.0126865133712968,0.0170835435738485,0.101852519282059,0.0154977294024364,0,0.00151373170907518,0.00245080371945506,0,1.0318858282241,9,1,"11",7,2
"TrA1_Transfer9Mix1Med11pH73",0.0022271714922049,0.0149123656434589,0.00106516897453278,0.0174300377650818,0,0.700881185242568,0,0,0,0,0,0,0,0,0,0,0,0,0,0,0.0029050062941803,0,0,0,0.0868596881959911,0,0.0356347438752784,0.0136535295826474,0.101094219037475,0.0166553694199671,0,0.00387334172557374,0.00280817275104096,0,1.14784173353946,9,1,"11",7,3
"TrA1_Transfer9Mix1Med13pH551",0,0,0,0,0,0.00143595634692705,0,0,0,0,0,0,0,0,0,0,0,0,0,0,0,0,0,0,0.0304422745548535,0,0,0,0.966973004020678,0,0.00114876507754164,0,0,0,0.155953308927253,9,1,"13",5.5,1
"TrA1_Transfer9Mix1Med13pH552",0,0.00049875311720698,0,0,0,0,0,0,0,0,0,0,0,0,0,0,0,0,0,0,0,0,0,0,0.00897755610972569,0,0,0,0.988528678304239,0,0.00199501246882793,0,0,0,0.0699121636815885,9,1,"13",5.5,2
"TrA1_Transfer9Mix1Med13pH71",0,0,0.314221472737493,0,0,0.472924864155893,0,0,0,0,0,0,0,0,0,0,0,0,0,0,0,0,0,0,0,0,0,0,0.212853663106614,0,0,0,0,0,1.04721238688641,9,1,"13",7,1
"TrA1_Transfer9Mix1Med13pH72",0,0,0.37806301050175,0,0,0.332360949047063,0,0,0,0,0,0,0,0,0,0.0182808245818748,0,0,0,0,0,0,0,0,0,0,0,0,0.271295215869312,0,0,0,0,0,1.16092218939255,9,1,"13",7,2
"TrA1_Transfer9Mix1Med13pH73",0,0,0.413185024416712,0,0,0.340477482365708,0,0,0,0,0,0,0,0,0,0.0146500271296799,0,0,0,0,0,0,0,0,0,0,0,0,0.230330982094411,0,0,0.00135648399348888,0,0,1.14103922058748,9,1,"13",7,3
"TrA1_Transfer9Mix1Med14pH71",0,0,0,0,0,0,0,0,0,0,0,0,0,0.134780980906028,0,0,0,0,0,0,0.862972669412205,0.00112317484088356,0,0,0,0,0,0.00112317484088356,0,0,0,0,0,0,0.412549657392275,9,1,"14",7,1
"TrA1_Transfer9Mix1Med14pH72",0,0,0,0,0,0.7606313020605,0,0,0,0,0,0,0,0,0,0,0,0,0,0,0,0,0,0,0.0784743533537922,0,0,0,0,0,0,0,0.160894344585708,0,0.701784773024201,9,1,"14",7,2
"TrA1_Transfer9Mix1Med14pH73",0,0,0,0,0,0,0,0,0,0,0,0,0,0.20405616224649,0,0,0,0,0,0,0.795319812792512,0,0,0,0,0,0,0,0.00062402496099844,0,0,0,0,0,0.511060543467455,9,1,"14",7,3
"TrA1_Transfer9Mix1Med15BpH551",0,0,0,0,0,0,0,0,0,0,0,0,0,0,0,0,0,0,0,0,0,0.00554649265905383,0,0,0,0,0,0,0.994453507340946,0,0,0,0,0,0.0343428349036627,9,1,"15B",5.5,1
"TrA1_Transfer9Mix1Med15BpH552",0,0,0,0,0,0,0,0,0,0,0,0,0,0,0,0,0,0,0,0,0,0,0,0,0,0,0,0,1,0,0,0,0,0,0,9,1,"15B",5.5,2
"TrA1_Transfer9Mix1Med15BpH553",0,0,0,0,0,0,0,0,0,0,0,0,0,0,0,0,0,0,0,0,0,0.0151675485008818,0,0,0.00423280423280423,0,0,0,0.97636684303351,0,0.00035273368606701,0,0.00388007054673721,0,0.134360161663571,9,1,"15B",5.5,3
"TrA1_Transfer9Mix1Med15BpH71",0,0,0,0,0,0,0,0,0,0,0,0,0,0,0,0,0,0,0,0,0,0,0,0,0,0,0,0,0.88971340839304,0,0,0.00102354145342886,0.109263050153531,0,0.352922867030525,9,1,"15B",7,1
"TrA1_Transfer9Mix1Med15BpH72",0,0,0,0,0,0,0,0,0,0,0,0,0,0,0,0,0,0,0,0,0,0,0,0,0,0,0,0,0.848281016442451,0,0,0,0.151718983557549,0,0.42567928687683,9,1,"15B",7,2
"TrA1_Transfer9Mix1Med15BpH73",0,0,0,0,0,0,0,0,0,0,0,0,0,0,0,0,0,0,0,0,0,0,0,0,0,0,0,0.00080171031533939,0.550774986638161,0,0,0,0.448423303046499,0,0.693856726900096,9,1,"15B",7,3
"TrA1_Transfer9Mix1Med16pH71",0,0,0,0,0,0,0,0,0,0,0,0,0,0,0,0,0,0,0,0,0.0454673820954533,0.00169443659983056,0,0,0,0,0,0,0.952838181304716,0,0,0,0,0,0.197371754202494,9,1,"16",7,1
"TrA1_Transfer9Mix1Med16pH72",0,0.0130448615972001,0,0,0,0,0,0,0,0,0,0,0,0,0,0,0,0,0,0,0.110722239898186,0,0,0,0,0,0,0,0.876232898504613,0,0,0,0,0,0.416047012471383,9,1,"16",7,2
"TrA1_Transfer9Mix1Med16pH73",0,0,0,0,0,0,0,0,0,0,0,0,0,0,0,0,0,0,0,0,0.0600948866631523,0,0,0,0,0,0,0,0.939905113336848,0,0,0,0,0,0.227228526726289,9,1,"16",7,3
"TrA1_Transfer9Mix1Med1pH71",0,0.0140912511115671,0,0.00991859908338464,0,0.827484780080717,0,0,0,0,0,0,0,0,0,0.00184691155345783,0,0,0,0.0354333401737465,0.0047198850810589,0.00041042478965729,0,0,0,0,0.00232574047472467,0,0.0499350160749709,0,0,0,0.0538340515767152,0,0.742024502925156,9,1,"1",7,1
"TrA1_Transfer9Mix1Med1pH72",0,0.0150803461063041,0,0.00482076637824475,0,0.860074165636588,0,0,0,0,0,0,0,0,0,0,0,0,0,0.0250927070457355,0.00420271940667491,0,0,0,0,0,0,0,0.0412855377008653,0,0,0,0.0494437577255871,0,0.614343990920317,9,1,"1",7,2
"TrA1_Transfer9Mix1Med1pH73",0,0.0162475199742614,0,0.00723899404793823,0,0.857257761810285,0,0,0,0,0,0,0,0,0,0,0,0,0,0.02461257976299,0.00396804118183281,0.00010724435626575,0,0,0,0,0,0,0.0395731674620623,0,0,0.0002144887125315,0.0507802026918333,0,0.62969831726527,9,1,"1",7,3
"TrA1_Transfer9Mix1Med2pH551",0,0,0,0,0,0,0,0,0,0,0,0,0,0,0,0,0,0,0,0,0,0,0,0,0.905126865238344,0,0,0,0,0,5.80618939789816e-05,0.0948150728676769,0,0,0.314157426648604,9,1,"2",5.5,1
"TrA1_Transfer9Mix1Med2pH552",0,0,0,3.84526647696685e-05,0,0,0,0,0,0,0,0,0,0,0,0,0,0,0,0,0,0,0,0,0.925209567022995,0,0,0,0.00038452664769668,0,0,0.074367453664539,0,0,0.268597255328793,9,1,"2",5.5,2
"TrA1_Transfer9Mix1Med2pH553",0,0,0,0,0,0.00052468399713808,0,0,0,0,0,0,0,0,0,0,0,0,0,0,0,0,0,0,0.916718340090627,0,0,0,0,0,0,0.0827569759122347,0,0,0.289893758019794,9,1,"2",5.5,3
"TrA1_Transfer9Mix1Med2pH71",0,0,0,0,0,0,0,0,0,0,0,0,0.00013923698134224,0,0,0,0.0181008075744918,0,0.0012531328320802,0,0,0.038150932887775,0,0,0.651489835700362,0,0,0,0.00570871623503202,0,0,0.285157337788917,0,0,0.873275439773785,9,1,"2",7,1
"TrA1_Transfer9Mix1Med2pH72",0,0,0,0,0,0,0,0,0,0,0,0,0,0,0,0,0,0,0.709514170040486,0,0,0,0,0,0.234311740890688,0,0,0,0,0,0,0.0561740890688259,0,0,0.74523985646817,9,1,"2",7,2
"TrA1_Transfer9Mix1Med2pH73",0,0,0,0,0,0,0,0,0,0,0,0,0,0,0,0,0.0589985126425384,0,0,0,0,0,0,0,0.738720872583044,0,0,0,0,0,0,0.202280614774417,0,0,0.713955289933868,9,1,"2",7,3
"TrA1_Transfer9Mix1Med3pH551",0,0,0,0,0,0,0,0,0,0,0,0,0,0,0,0,0,0,0,0,0,0,0,0,0.77442400428648,0,0,0,0,0,0,0.22557599571352,0,0,0.533875259969585,9,1,"3",5.5,1
"TrA1_Transfer9Mix1Med3pH552",0,0,0,0,0,0,0,0,0,0,0,0,0,0,0,0,0,0,0,0,0,0,0,0,0.963474546101816,0,0,0,0,0,0,0.0365254538981844,0,0,0.156740097445961,9,1,"3",5.5,2
"TrA1_Transfer9Mix1Med3pH553",0,0,0,0,0,0,0,0,0,0,0,0,0,0,0,0.00018132366273798,0,0,0,0,0,0,0,0,0.970534904805077,0,0,0,0,0,0,0.0292837715321849,0,0,0.13398166648856,9,1,"3",5.5,3
"TrA1_Transfer9Mix1Med3pH71",0,0.00242983239115343,0,0.0008430030744818,0,0.307745710602003,0,0,0,0,0,0,0,0,0,0,0,0,0.00743826242189824,0,0.00153724090052564,0.569919666765843,0,0,0.0663988892194783,0,0,0.00133888723594168,0.0334721808985421,0.00580184468908063,0,0.00203312506198552,0.00104135673906575,0,1.10239697633238,9,1,"3",7,1
"TrA1_Transfer9Mix1Med3pH72",0,0.0030570652173913,0.00042459239130434,0,0,0.264096467391304,0,0,0,0,0,0,0,0,0,0,0,0,0.020805027173913,0,0.001953125,0.592221467391304,0,0,0.0563009510869565,0,0,0,0.0506114130434783,0.00526494565217391,0,0.00365149456521739,0.00161345108695652,0,1.14710444981357,9,1,"3",7,2
"TrA1_Transfer9Mix1Med3pH73",0,0,0.00039818427968463,0,0,0.254200844150673,0,0,0,0,0,0,0,0,0,0,0,0,0.020944493111412,0,0.00175201083061241,0.588994186509517,0,0,0.0969180536752409,0,0,0.00700804332244963,0.0186350242892411,0.00724695389026041,0,0.00238910567810783,0.00151310026280162,0,1.15027878352724,9,1,"3",7,3
"TrA1_Transfer9Mix1Med4pH551",0,0,0,0,0,0,0,0,0,0,0,0,0,0,0,0,0,0,0,0,0,0,0,0,0.720768718485396,0,0,0,0.00047569213205213,0,0,0.278755589382552,0,0,0.595733661794442,9,1,"4",5.5,1
"TrA1_Transfer9Mix1Med4pH552",0,0,0,0,0,0,0,0,0,0,0,0,0,0,0,0,0,0,0,0,0,0,0,0,0.892412043674865,0,0,0,0.000165435094298,0,0,0.107422521230837,0,0,0.342679383011439,9,1,"4",5.5,2
"TrA1_Transfer9Mix1Med4pH553",0,0.0003996270147862,0,0,0,0.0035966431330758,0,0,0,0,0,0,0,0,0,0,0,0,0,0,0,0,0,0,0.79912082056747,0,0,0,0,0,0,0.196882909284668,0,0,0.52252894232749,9,1,"4",5.5,3
"TrA1_Transfer9Mix1Med4pH71",0,0,0,0,0,0.0355576079427384,0,0,0,0,0,0,0,0,0,0,0.00623412606788271,0,0.305241283768183,0,0,0.634957284691757,0,0,0,0,0,0,0.0103902101131378,0,0,0.00738859385823136,0.00023089355806973,0,0.886554357611776,9,1,"4",7,1
"TrA1_Transfer9Mix1Med4pH72",0,0,0,0.00098363587588303,0,0.281051596172762,0,0,0,0,0,0,0,0,0,0,0.00196727175176607,0,0.10802110346061,0,0,0.473128856299741,0,0,0.0938030939819369,0,0,0.0192256103013503,0.0126084234999553,0.00062595010283466,0,0.00831619422337477,0.00026826432978628,0,1.37001794616724,9,1,"4",7,2
"TrA1_Transfer9Mix1Med4pH73",0,0,0,0,0,0.00732313325487119,0,0,0,0,0,0,0.00536157970445927,0,0,0,0.0810775467503596,0,0.366548973453642,0,0,0.485157578135216,0,0,0,0,0,0,0.047861906630051,0,0,0.00666928207140055,0,0,1.16540433312654,9,1,"4",7,3
"TrA1_Transfer9Mix1Med5pH551",0,0,0,0,0,0.00197206244864421,0,0,0,0,0,0,0,0,0,0,0,0,0,0,0,0,0,0,0.086113393590797,0,0,0,0,0,0,0.911914543960559,0,0,0.30752787942654,9,1,"5",5.5,1
"TrA1_Transfer9Mix1Med5pH552",0,0,0,0,0,0,0,0,0,0,0,0,0,0,0,0,0,0,0,0,0,0,0,0,0.288576939562795,0,0,0,0.00042863266180883,0,0,0.710994427775396,0,0,0.604479141587467,9,1,"5",5.5,2
"TrA1_Transfer9Mix1Med5pH553",0,0,0,0,0,0,0,0,0,0,0,0,0,0,0,0,0,0,0,0,0,0,0,0,0.127015683675723,0,0,0,0.00022089684117517,0,0,0.872763419483101,0,0,0.382724343288867,9,1,"5",5.5,3
"TrA1_Transfer9Mix1Med5pH71",0.00082881253767329,0.00858951175406872,0.00082881253767329,0.00241109101868596,0,0.285488245931284,0,0,0,0,0,0,0,0.00030138637733574,0,0,0,0,0.0194394213381555,0,0.00384267631103074,0.543022905364678,0,0,0.0400090415913201,0,0,0.0155213984327908,0.0699969861362266,0.00647980711271851,0,0,0.00323990355635925,0,1.28781608724384,9,1,"5",7,1
"TrA1_Transfer9Mix1Med5pH72",0,0.0151095593546834,0.00084276426679508,0.00252829280038526,0,0.100168552853359,0,0,0,0,0,0,0,0.00012039489525644,0,0,0,0,0.0682037081627739,0,0.00313026727666747,0.683180833132675,0,0,0.00872862990609198,0,0.0046954009150012,0.0333493859860342,0.0686250902961714,0.00734408861064291,0,0.00114375150493619,0.00282928003852637,0,1.2017382473629,9,1,"5",7,2
"TrA1_Transfer9Mix1Med5pH73",0,0.0281931612534527,0.001428707495952,0.012858367463568,0,0.637679779026574,0,0,0,0,0,0,0,0,0,0.00266692065911039,0,0,0.068958948471283,0,0.00923897514048957,0.0839127535955805,0,0,0,0,0.00761977331174398,0.0193351747785503,0.108772264025145,0.0182874559481855,0,0,0.0010477188303648,0,1.33942261763655,9,1,"5",7,3
"TrA1_Transfer9Mix1Med7pH551",0,0,0,0,0,0,0,0,0,0,0,0,0,0,0,0,0,0,0,0,0,0,0,0,0.259032634032634,0,0,0,0,0,0,0.740967365967366,0,0,0.57204264888282,9,1,"7",5.5,1
"TrA1_Transfer9Mix1Med7pH552",0,0,0.00062285892245406,0,0,0.00155714730613516,0,0,0,0,0,0,0,0,0,0,0,0,0,0,0,0,0,0,0.330115228900654,0,0,0,0,0,0,0.667704764870757,0,0,0.65022748735248,9,1,"7",5.5,2
"TrA1_Transfer9Mix1Med7pH553",0,0,0,0,0,0,0,0,0,0,0,0,0,0,0,0,0,0,0,0,0,0,0,0,0.516912057302029,0,0,0,0.00039793076004775,0,0,0.482690011937923,0,0,0.695798778210428,9,1,"7",5.5,3
"TrA1_Transfer9Mix1Med7pH71",0,0.0306445235270858,0.00079082641360221,0.00573349149861605,0,0.0205614867536576,0,0,0,0,0,0,0,0,0,0,0,0,0.0312376433372875,0,0.00948991696322657,0.413997627520759,0,0,0,0,0,0.156781336496639,0.133847370502175,0.0454725187821273,0.144325820482404,0,0.00711743772241993,0,1.75427099033325,9,1,"7",7,1
"TrA1_Transfer9Mix1Med7pH72",0,0.0295223506475421,0.00041776911293691,0.00529174209720095,0,0.025066146776215,0,0,0,0,0,0,0,0.00181033282272664,0.00278512741957945,0,0,0,0.03523186185768,0,0.0111405096783178,0.283665227684167,0,0,0.0183818409692243,0,0,0.16933574711043,0.191477510096087,0.0447012950842501,0.171146079933157,0,0.010026458710486,0,1.95845708753484,9,1,"7",7,2
"TrA1_Transfer9Mix1Med7pH73",0,0.0284142988084326,0,0.00412465627864345,0,0.0186067827681027,0,0,0,0,0,0,0,0.00064161319890009,0.0231897341888176,0,0,0,0.0221814848762603,0,0.0109074243813016,0.553712190650779,0,0,0,0,0,0.124839596700275,0.0747937671860678,0.0218148487626031,0.110265811182401,0,0.00650779101741522,0,1.56406099625574,9,1,"7",7,3
"TrA1_Transfer9Mix1Med8pH551",0,0,0.0003295978905735,0,0,0,0,0,0,0,0,0,0,0,0,0,0,0,0,0,0,0,0,0,0.79663810151615,0,0,0,0.0003295978905735,0,0,0.202702702702703,0,0,0.5099212044499,9,1,"8",5.5,1
"TrA1_Transfer9Mix1Med8pH552",0,0,0,0,0,0.00117324990222917,0.00019554165037152,0,0,0,0,0,0,0,0,0,0,0,0,0,0,0,0,0,0.734258897145092,0,0,0,0.00058662495111458,0,0,0.263785686351193,0,0,0.592285588727548,9,1,"8",5.5,2
"TrA1_Transfer9Mix1Med8pH553",0,0,0,0,0,0,0,0,0,0,0,0,0,0,0,0,0.00052317672909909,0,0.00020927069163963,0,0,0,0,0,0.81061002406613,0,0,0,0,0,0,0.188657528513132,0,0,0.49057531522786,9,1,"8",5.5,3
"TrA1_Transfer9Mix1Med8pH71",0.00071307603173188,0.00436759069435779,0.0478652286300027,0.0739816382921829,0.0587396381139139,0.239682681165879,0,0,0,0,0,0,0,0.00035653801586594,0.00169355557536322,0.0622158837686068,0,0,0.0391300472412871,0,0,0.260540155094037,0,0,0.109278901862911,0,0,0.0416258133523487,0.0516088777965951,0.00374364916659239,0.00098047954363134,0,0.00347624565469293,0,2.11418224092685,9,1,"8",7,1
"TrA1_Transfer9Mix1Med8pH72",0.00168645439827307,0,0.0329195898542903,0.0632757690232056,0.0407447382622774,0.201834862385321,0,0,0,0,0,0,0,0.00047220723151646,0.0014840798704803,0.0443874797625472,0.00020237452779276,0,0.0328521316783594,0,0.00080949811117107,0.402927684835402,0,0,0.0841203453858608,0,0,0.064692390717755,0.0190906637884512,0.00458715596330275,0.00080949811117107,0.00067458175930922,0.00242849433351322,0,1.89965503183689,9,1,"8",7,2
"TrA1_Transfer9Mix1Med8pH73",0.00057841081628226,0,0.0407056611958644,0.0604439303014966,0.0916781143807389,0.251102595618538,0,0,0,0,0,0,0,0,0.00079531487238811,0.0326802111199479,0,0,0.0378859084664883,0,0,0.283782806738486,0,0,0.105270768563372,0,0,0.0627575735666257,0.0253777745643844,0.00303665678548189,0.00115682163256453,0.00057841081628226,0.00216904056105849,0,2.01622078382832,9,1,"8",7,3
"TrA1_Transfer9Mix1Med9pH551",0.00360807306347954,0.0100349532078025,0.18502649678656,0,0.0405908219641448,0.0306686210395761,0,0,0,0,0,0,0,0,0,0.0631412786108919,0,0,0.0969669635810125,0,0.00180403653173977,0,0,0,0.0591949486977111,0,0.0206336678317736,0.48776637726914,0.00056376141616867,0,0,0,0,0,1.62947365613322,9,1,"9",5.5,1
"TrA1_Transfer9Mix1Med9pH552",0.00307417691392305,0.0078341927806426,0.197441491471638,0,0.0533518445061484,0.0265767552558509,0,0,0,0,0,0,0,0,0,0.118504561681872,0,0,0.0649543831812773,0,0.00128917096390321,0,0,0,0.0521618405394685,0,0.0219159063863546,0.452895676318921,0,0,0,0,0,0,1.66430022148155,9,1,"9",5.5,2
"TrA1_Transfer9Mix1Med9pH553",0.00264200792602378,0.0147952443857332,0.172787318361955,0,0.034522236900044,0.0234258036107442,0,0,0,0,0,0,0,0,0,0.0992514310876266,0,0,0.0619110523998239,0,0.00132100396301189,0.00070453544693967,0,0,0.0986349625715544,0,0.0170849845882871,0.472743284896521,0.00017613386173491,0,0,0,0,0,1.65462386043226,9,1,"9",5.5,3
"TrA1_Transfer9Mix1Med9pH71",0.00687369583895913,0.0106787774640972,0.0687369583895913,0.134650791702467,0.0564625015343071,0.355468270529029,0,0,0,0,0,0,0,0.00159567939118694,0.0014729348226341,0.14901190622315,0,0,0.0308088867067632,0,0.00171842395973978,0,0,0,0.00981956548422732,0,0.0403829630538849,0.047993126304161,0.0665275561556401,0.0165705167546336,0,0,0.00122744568552842,0,2.06560769441823,9,1,"9",7,1
"TrA1_Transfer9Mix1Med9pH72",0.00573504110112789,0,0.0692028292869432,0.147199388262283,0.104186580003823,0.356719556490155,0,0,0,0,0,0,0,0,0.00324985662397247,0.104760084113936,0,0,0.0713056776906901,0,0,0,0,0,0.00611737717453642,0,0.0388071114509654,0.0430128082584592,0.0321162301663162,0.0156757790097496,0,0,0.00191168036704263,0,2.02318764398979,9,1,"9",7,2
"TrA1_Transfer9Mix1Med9pH73",0.00541088941494758,0.0129354075076091,0.0617179573892459,0.097480554616165,0.0500507270882651,0.389161312140683,0,0,0,0,0,0,0,0.00346635103145079,0,0.17974298275279,0,0,0.0465843760568143,0,0.00169090294217112,0,0,0,0.0116672303009807,0,0.0394825836996956,0.0322962461954684,0.053686168413933,0.0128508623605005,0,0,0.00177544808927968,0,1.99685703903396,9,1,"9",7,3
"TrA1_Transfer9Mix2Med10pH551",0,0,0,0,0,0,0,0,0,0,0,0,0,0,0,0,0,0,0,0,0,0,0,0,0.123136123136123,0,0,0,0,0,0,0.876863876863877,0,0,0.373127274858508,9,2,"10",5.5,1
"TrA1_Transfer9Mix2Med10pH552",0,0,0,0,0,0,0,0,0,0,0,0,0,0,0,0,0.00323275862068966,0,0,0,0,0,0,0,0.176724137931034,0,0,0,0,0,0,0.820043103448276,0,0,0.487525357396205,9,2,"10",5.5,2
"TrA1_Transfer9Mix2Med10pH553",0,0,0,0,0,0,0,0,0,0,0,0,0,0,0,0,0.00200133422281521,0,0,0,0,0,0,0,0.172781854569713,0,0,0,0,0,0,0.825216811207472,0,0,0.474325350340294,9,2,"10",5.5,3
"TrA1_Transfer9Mix2Med10pH71",0,0,0,0,0,0.324035389530597,0,0,0,0,0,0,0,0,0,0.00540673384123863,0.0115507495699189,0,0,0,0,0.487711968542639,0,0,0.103219464241828,0,0,0,0.0518554927500614,0,0.00761857950356353,0.00860162202015237,0,0,1.26102119299783,9,2,"10",7,1
"TrA1_Transfer9Mix2Med10pH72",0,0,0,0,0,0.294012039286091,0,0,0,0,0,0,0,0,0,0.00485795754567536,0.0435104023656141,0,0,0,0,0.460238673566374,0,0,0.0997993452318091,0,0,0.00443552645474707,0.065054388002957,0,0.021649593410075,0.00644207413665646,0,0,1.42660341956357,9,2,"10",7,2
"TrA1_Transfer9Mix2Med10pH73",0,0,0,0,0,0.409844506230048,0,0,0,0,0,0,0,0,0,0,0.0150344969622078,0,0,0,0,0.430027803521779,0,0,0.0801153331273813,0,0,0.00247142415817115,0.049222531150242,0,0.00803212851405622,0.00525177633611369,0,0,1.22319672809621,9,2,"10",7,3
"TrA1_Transfer9Mix2Med11pH551",0,0,0,0,0,0,0,0,0,0,0,0,0.00116063138347261,0,0,0,0.0682451253481894,0,0,0,0,0,0,0,0.826137418755803,0.00626740947075209,0,0,0.00069637883008356,0,0,0.0974930362116992,0,0,0.612660558778797,9,2,"11",5.5,1
"TrA1_Transfer9Mix2Med11pH552",0,0,0,0,0,0,0,0,0,0,0,0,0.00179948586118252,0,0,0,0.0395886889460154,0,0,0,0,0,0,0,0.476863753213368,0.0244215938303342,0,0,0,0,0,0.4573264781491,0,0,0.940795637749585,9,2,"11",5.5,2
"TrA1_Transfer9Mix2Med11pH553",0,0,0,0,0,0,0,0,0,0,0,0,0,0,0,0,0.0805471124620061,0,0,0,0,0,0,0,0.708206686930091,0.0121580547112462,0,0,0,0,0,0.199088145896657,0,0,0.822180070240815,9,2,"11",5.5,3
"TrA1_Transfer9Mix2Med11pH71",0,0.00371120107962213,0.00033738191632928,0.00229419703103914,0,0.395883940620783,0,0,0,0,0,0,0,0.00101214574898785,0,0,0,0,0,0,0.00080971659919028,0.401214574898785,0,0,0.0731443994601889,0,0,0.03582995951417,0.0837381916329285,0,0,0.00202429149797571,0,0,1.3142095974816,9,2,"11",7,1
"TrA1_Transfer9Mix2Med11pH72",0,0.004771716733543,0,0.00260275458193255,0,0.386183711094241,0,0,0,0,0,0,0,0,0,0,0,0,0,0,0.00119292918338575,0.398113002928099,0,0,0.0785164298882984,0,0,0.0271120268951307,0.0989046741134367,0,0,0.00260275458193255,0,0,1.32503608208675,9,2,"11",7,2
"TrA1_Transfer9Mix2Med11pH73",0,0,0,0.00227993655828707,0,0.391058683584457,0,0,0,0,0,0,0,0.00168517049960349,0,0,0,0,0,0,0.00079302141157811,0.426149881046788,0,0,0.0364789849325932,0,0,0.0286478984932593,0.108643933386201,0,0,0.00426249008723235,0,0,1.24792634898397,9,2,"11",7,3
"TrA1_Transfer9Mix2Med13pH551",0,0,0,0,0,0,0,0,0,0,0,0,0,0,0,0,0.0581273649464616,0,0,0,0,0,0,0,0.835278963046454,0.00571612591578778,0,0,0.00265679091860559,0,0,0.0982207551726914,0,0,0.588922871689807,9,2,"13",5.5,1
"TrA1_Transfer9Mix2Med13pH552",0,0,0,0,0,0,0,0,0,0,0,0,0,0,0,0,0.0389654014108163,0,0,0,0,0,0,0,0.436345314074572,0.0228417870339268,0,0,0.00772589855559288,0,0,0.494121598925092,0,0,0.960554339938683,9,2,"13",5.5,2
"TrA1_Transfer9Mix2Med13pH553",0,0,0,0,0,0,0,0,0,0,0,0,0.00168610369537727,0,0,0,0.0540958268933539,0,0,0,0,0,0,0,0.638892791906702,0.00829000983560489,0,0,0.121961500632289,0,0,0.175073767036673,0,0,1.05621869228971,9,2,"13",5.5,3
"TrA1_Transfer9Mix2Med13pH71",0,0.00420667581161408,0.00228623685413809,0.00237768632830361,0,0.350342935528121,0,0,0,0,0,0,0,0.00100594421582076,0,0,0,0,0,0,0.00091449474165523,0.438683127572016,0,0,0.0663008687700046,0,0,0.0316415180612711,0.100045724737083,0,0,0.00219478737997257,0,0,1.32647588495511,9,2,"13",7,1
"TrA1_Transfer9Mix2Med13pH72",0,0.00513478818998716,0.00196833547282841,0.00196833547282841,0,0.448095849379546,0,0,0,0,0,0,0,0.00094137783483098,0,0,0,0,0,0,0.00128369704749679,0.347111681643132,0,0,0.0741121095421481,0,0,0.0273855370132649,0.0894308943089431,0,0,0.00256739409499358,0,0,1.31629839304515,9,2,"13",7,2
"TrA1_Transfer9Mix2Med13pH73",0,0.00408679575751679,0.00194609321786514,0.00252992118322468,0,0.357205410139146,0,0,0,0,0,0,0,0.00194609321786514,0,0,0,0,0.00476792838376958,0,0.00077843728714605,0.446044565534689,0,0,0.0379488177483701,0,0,0.0293860075897635,0.109273134183127,0,0,0.00408679575751679,0,0,1.31299111933455,9,2,"13",7,3
"TrA1_Transfer9Mix2Med14pH72",0,0,0.00958772770853308,0,0,0,0,0,0,0,0,0,0,0.244487056567593,0,0,0.0134228187919463,0,0.586768935762224,0,0,0,0,0,0.0604026845637584,0,0,0,0.0853307766059444,0,0,0,0,0,1.13917463417017,9,2,"14",7,2
"TrA1_Transfer9Mix2Med14pH73",0,0,0.00676378772112383,0,0,0.0280957336108221,0,0,0,0,0,0,0,0,0,0,0.0218522372528616,0,0.536420395421436,0,0,0,0,0,0.387877211238293,0,0,0,0.0189906347554631,0,0,0,0,0,0.994429130002658,9,2,"14",7,3
"TrA1_Transfer9Mix2Med15BpH551",0,0,0,0,0,0,0,0,0,0,0,0,0,0,0,0,0,0,0,0,0,0,0,0,0.008,4e-04,0,0,0.9872,0,0,0.0044,0,0,0.0783489197705925,9,2,"15B",5.5,1
"TrA1_Transfer9Mix2Med15BpH552",0,0,0,0,0,0,0,0,0,0,0,0,0,0,0,0,0,0,0,0,0,0,0,0,0,0,0,0,1,0,0,0,0,0,0,9,2,"15B",5.5,2
"TrA1_Transfer9Mix2Med15BpH553",0,0,0,0,0,0,0,0,0,0,0,0,0,0,0,0,0,0,0,0,0,0,0,0,0,0,0,0,1,0,0,0,0,0,0,9,2,"15B",5.5,3
"TrA1_Transfer9Mix2Med15BpH71",0,0,0,0,0,0,0,0,0,0,0,0,0,0,0,0,0,0,0,0,0,0,0,0,0,0,0,0,0.998608695652174,0,0,0.00139130434782609,0,0,0.0105416592933449,9,2,"15B",7,1
"TrA1_Transfer9Mix2Med15BpH72",0,0,0,0,0,0,0,0,0,0,0,0,0,0,0,0,0,0,0,0,0,0,0,0,0,0,0,0,1,0,0,0,0,0,0,9,2,"15B",7,2
"TrA1_Transfer9Mix2Med15BpH73",0,0,0,0,0,0,0,0,0,0,0,0,0,0,0,0,0,0,0,0,0,0,0,0,0.00735632183908046,0,0,0,0.99264367816092,0,0,0,0,0,0.0434648864941377,9,2,"15B",7,3
"TrA1_Transfer9Mix2Med16pH552",0,0,0,0,0,0,0,0,0,0,0,0,0,0,0,0,0,0,0,0,0,0.00049875311720698,0,0,0,0,0,0,0.994513715710723,0,0,0.00498753117206983,0,0,0.0357014024487111,9,2,"16",5.5,2
"TrA1_Transfer9Mix2Med16pH553",0,0,0,0,0,0,0,0,0,0,0,0,0,0,0,0,0,0,0,0,0,0,0,0,0,0,0,0,1,0,0,0,0,0,0,9,2,"16",5.5,3
"TrA1_Transfer9Mix2Med16pH71",0,0,0,0,0,0,0,0,0,0,0,0,0,0,0,0,0,0,0,0,0.0351450756027789,0,0,0,0.00040866366979975,0,0,0,0.964446260727421,0,0,0,0,0,0.155777954409493,9,2,"16",7,1
"TrA1_Transfer9Mix2Med16pH72",0,0,0,0,0,0,0,0,0,0,0,0,0,0,0,0,0,0,0,0,0.0348936170212766,0,0,0,0,0,0,0,0.965106382978723,0,0,0,0,0,0.151361462393472,9,2,"16",7,2
"TrA1_Transfer9Mix2Med16pH73",0,0.0166062801932367,0,0,0,0.00060386473429951,0,0,0,0,0,0,0,0,0,0,0,0,0,0,0.0410628019323672,0,0,0,0,0,0,0,0.941727053140097,0,0,0,0,0,0.260168417646229,9,2,"16",7,3
"TrA1_Transfer9Mix2Med1pH71",0,0.0650514839491217,0,0.0134463961235615,0,0.635978195033313,0,0,0,0,0,0,0,0,0,0,0,0,0,0.0386432465172623,0.0050878255602665,0,0,0,0,0,0.00145366444579043,0.100908540278619,0.139430648092065,0,0,0,0,0,1.19176706479284,9,2,"1",7,1
"TrA1_Transfer9Mix2Med1pH72",0,0.0625938156709697,0,0.0123086160312219,0,0.660462323626539,0,0,0,0,0,0,0,0,0,0,0,0,0,0.0402281597117983,0.00525367757430201,0,0,0,0,0,0,0.0774542179525668,0.141699189432603,0,0,0,0,0,1.13340602669229,9,2,"1",7,2
"TrA1_Transfer9Mix2Med1pH73",0,0.027750635137776,0,0.012311901504788,0,0.728649599374634,0,0,0,0,0,0,0,9.77135040062537e-05,0,0,0,0,0,0.034297439906195,0.00263826460816885,0,0,0,0,0,0,0.0871604455735783,0.107094000390854,0,0,0,0,0,0.9684396167193,9,2,"1",7,3
"TrA1_Transfer9Mix2Med2pH551",0,0,0,0,0,0,0,0,0,0,0,0,0,0,0,0,0,0,0,0,0,0,0,0,0.844404973357016,0,0,0,0,0,0,0.155595026642984,0,0,0.432292698065775,9,2,"2",5.5,1
"TrA1_Transfer9Mix2Med2pH552",0,0,0,0,0,0,0,0,0,0,0,0,0,0,0,0,0,0,0,0,0,0,0,0,0.878384185646755,0,0,0,0,0,0,0.121615814353245,0,0,0.370132074115157,9,2,"2",5.5,2
"TrA1_Transfer9Mix2Med2pH553",0,0,0,0,0,0,0,0,0,0,0,0,0,0,0,0,0,0,0,0,0,0,0,0,0.87788501888376,0,0,0,0,0,0,0.12211498111624,0,0,0.371117870286516,9,2,"2",5.5,3
"TrA1_Transfer9Mix2Med2pH71",0,0,0,0,0,0,0,0,0,0,0,0,0,0,0,0,0.0867122618466048,0,0,0,0,0,0,0,0.616634098680997,0,0,0,0.0701025891548608,0,0,0.226551050317538,0,0,1.03285322000184,9,2,"2",7,1
"TrA1_Transfer9Mix2Med2pH72",0,0,0,0,0,0,0,0,0,0,0,0,0,0,0,0,0.0201793721973094,0,0,0,0,0.0216741405082212,0,0,0.710388639760837,0,0,0,0.0140134529147982,0,0,0.233744394618834,0,0,0.804281425343751,9,2,"2",7,2
"TrA1_Transfer9Mix2Med2pH73",0,0,0,0,0,0,0,0,0,0,0,0,0,0,0,0,0.0126878781963693,0,0,0,0,0,0,0,0.778742924067929,0,0,0,0.00771032598087058,0,0,0.200858871754831,0,0,0.610074332901086,9,2,"2",7,3
"TrA1_Transfer9Mix2Med3pH551",0,0,0,0,0,0,0,0,0,0,0,0,0,0,0,0,0,0,0,0,0,0,0,0,0.795184442043525,0,0,0,0,0,0,0.204815557956475,0,0,0.507006167488238,9,2,"3",5.5,1
"TrA1_Transfer9Mix2Med3pH552",0,0,0,0,0,0,0,0,0,0,0,0,0,0,0,0,0,0,0,0,0,0,0,0,0.853287723299126,0,0,0,0,0,0,0.146712276700874,0,0,0.416963552796529,9,2,"3",5.5,2
"TrA1_Transfer9Mix2Med3pH553",0,0,0,0,0,0,0,0,0,0,0,0,0,0,0,0,0,0,0,0,0,0,0,0,0.889102916895982,0,0,0,0,0,0,0.110897083104018,0,0,0.348386805080645,9,2,"3",5.5,3
"TrA1_Transfer9Mix2Med3pH71",0,0,0,0,0,0.0747785829307568,0,0,0,0,0,0,0,0.00080515297906602,0,0,0.0861513687600644,0,0.00573671497584541,0,0.00070450885668277,0.113727858293076,0,0,0.479669887278583,0,0,0.00644122383252818,0.0727657004830918,0,0,0.159219001610306,0,0,1.56095822455514,9,2,"3",7,1
"TrA1_Transfer9Mix2Med3pH72",0,0,0,0,0,0.0256211180124224,0,0,0,0,0,0,0,0,0,0,0.0248447204968944,0,0.0031055900621118,0,0.00038819875776397,0.0388198757763975,0,0,0.665372670807453,0,0,0,0.0257505175983437,0,0,0.216097308488613,0,0,1.02916344330246,9,2,"3",7,2
"TrA1_Transfer9Mix2Med3pH73",0,0,0,0,0,0.0968674698795181,0,0,0,0,0,0,0,0,0,0,0.00578313253012048,0,0.0172690763052209,0,0.00056224899598393,0.377510040160643,0,0,0.377670682730924,0,0,0.00216867469879518,0.0314859437751004,0.00144578313253012,0,0.0892369477911647,0,0,1.41301133301016,9,2,"3",7,3
"TrA1_Transfer9Mix2Med4pH551",0,0,0,0,0,0,0,0,0,0,0,0,0,0,0,0,0,0,0,0,0,0,0,0,0.991843225773354,0,0,0,0,0,0,0.00815677422664546,0,0,0.0473485815502967,9,2,"4",5.5,1
"TrA1_Transfer9Mix2Med4pH552",0,0,5.6277787157409e-05,0,0,0,0,0,0,0,0,0,0,0,0,0,0,0,0,0,0,0,0,0,0.994484776858574,0,0,0,0,0,0,0.00545894535426867,0,0,0.0344945092103695,9,2,"4",5.5,2
"TrA1_Transfer9Mix2Med4pH553",0,0,0,0,0,0,0,0,0,0,0,0,0,0,0,0,0,0,0,0,0,0,0,0,0.996599980289741,0,0,0,0,0,0,0.00340001971025919,0,0,0.022719856884728,9,2,"4",5.5,3
"TrA1_Transfer9Mix2Med4pH71",0,0,0,0,0,0,0,0,0,0,0,0,0.00658536585365854,0,0,0,0.0465853658536585,0,0.187439024390244,0,0,0.725243902439024,0,0,0,0,0,0,0.0320731707317073,0,0,0.00207317073170732,0,0,0.845875007230659,9,2,"4",7,1
"TrA1_Transfer9Mix2Med4pH72",0,0,0,0,0,0.0122850122850123,0,0,0,0,0,0,0.00982800982800983,0,0,0,0.172809172809173,0,0.424856674856675,0,0,0.271498771498771,0,0,0,0,0,0,0.106060606060606,0,0,0.00266175266175266,0,0,1.3742667351033,9,2,"4",7,2
"TrA1_Transfer9Mix2Med4pH73",0,0,0,0,0,0,0,0,0,0,0,0,0.00992063492063492,0,0,0,0.332482993197279,0,0.428854875283447,0,0,0.135204081632653,0,0,0,0,0,0,0.0935374149659864,0,0,0,0,0,1.26713496482789,9,2,"4",7,3
"TrA1_Transfer9Mix2Med5pH551",0,0,0,0,0,0,0,0,0,0,0,0,0,0,0,0,0,0,0,0,0,0,0,0,0.185581303228362,0,0,0,0,0,0,0.814418696771638,0,0,0.479751994564892,9,2,"5",5.5,1
"TrA1_Transfer9Mix2Med5pH552",0,0,0,0,0,0,0,0,0,0,0,0,0,0,0,0,0,0,0,0,0,0,0,0,0.364386954726847,0,0,0,0,0,0,0.635613045273153,0,0,0.655900599565909,9,2,"5",5.5,2
"TrA1_Transfer9Mix2Med5pH553",0,0,0,0,0,0,0,0,0,0,0,0,0,0,0,0,0,0,0,0,0,0,0,0,0.402757406864183,0,0,0,0,0,0,0.597242593135817,0,0,0.674113871124003,9,2,"5",5.5,3
"TrA1_Transfer9Mix2Med5pH71",0,0.0190176322418136,0.00037783375314861,0,0,0.119395465994962,0,0,0,0,0,0,0,0.00629722921914358,0,0.00831234256926952,0,0,0.0351385390428212,0,0.00327455919395466,0.63551637279597,0,0,0.00415617128463476,0,0,0.0812342569269521,0.0871536523929471,0,0,0,0.00012594458438287,0,1.26881432202178,9,2,"5",7,1
"TrA1_Transfer9Mix2Med5pH72",0.00017418568193694,0.0154154328514196,0.00017418568193694,0.00069674272774777,0,0.0761191430064449,0,0,0,0,0,0.00026127852290541,0,0,0,0.00809963421006793,0,0,0.0401497996864658,0,0.00313534227486501,0.696045985020031,0,0,0.00931893398362655,0,0,0.0382337571851594,0.106340358822505,0,0,0.00191604250130639,0.00391917784358126,0,1.14936953986415,9,2,"5",7,2
"TrA1_Transfer9Mix2Med5pH73",0,0.0152985074626866,0.0003731343283582,0.00111940298507463,0,0.0485074626865672,0,0,0,0,0,0.0003731343283582,0,0,0,0.00942164179104478,0,0,0.0536380597014925,0,0.00363805970149254,0.699533582089552,0,0,0.0082089552238806,0,0,0.0328358208955224,0.123600746268657,0,0,0.0021455223880597,0.00130597014925373,0,1.12736866857974,9,2,"5",7,3
"TrA1_Transfer9Mix2Med7pH551",0,0,0,0,0,0,0,0,0,0,0,0,0,0,0,0,0.00326477309826967,0,0,0,0,0,0,0,0.449559255631734,0,0,0,0,0,0,0.547175971269997,0,0,0.708045267555681,9,2,"7",5.5,1
"TrA1_Transfer9Mix2Med7pH552",0,0,0,0,0,0,0,0,0,0,0,0,0,0,0,0,0.00221852468108708,0,0,0,0,0,0,0,0.344425956738769,0,0,0,0,0,0,0.653355518580144,0,0,0.658762851397242,9,2,"7",5.5,2
"TrA1_Transfer9Mix2Med7pH553",0,0,0,0,0,0,0,0,0,0,0,0,0,0,0,0,0,0,0,0,0,0,0,0,0.353828954723309,0,0,0,0,0,0,0.646171045276691,0,0,0.649784744140453,9,2,"7",5.5,3
"TrA1_Transfer9Mix2Med7pH71",0,0.0391872278664731,0,0,0,0.0159651669085631,0,0,0,0,0,0,0,0.0135462022254475,0.00628930817610063,0,0,0,0.00564425092726979,0,0.0129011449766167,0,0,0,0.063054346073214,0,0.0132236736010321,0.143041444928237,0.276729559748428,0,0.405095952265764,0,0.00532172230285438,0,1.62756501992649,9,2,"7",7,1
"TrA1_Transfer9Mix2Med7pH72",0,0.0292953285827395,0,0.00026392187912377,0,0.0211137503299023,0,0,0,0,0,0,0,0.0110847189231987,0,0,0,0,0.0145157033518079,0,0.0121404064396939,0,0,0,0.071786751121668,0,0.0121404064396939,0.127738189495909,0.312483504882555,0,0.387437318553708,0,0,0,1.58829839011879,9,2,"7",7,2
"TrA1_Transfer9Mix2Med7pH73",0,0.0538550949244479,0,0,0,0.0242154203796978,0,0,0,0,0,0,0,0.0122045718713677,0.00368074389771406,0,0,0,0.00426191398682681,0,0.0100736148779543,0,0,0,0.0201472297559086,0,0.0294459511817125,0.143936458736924,0.27566834560248,0,0.406625339015885,0,0.0158853157690818,0,1.6398153998366,9,2,"7",7,3
"TrA1_Transfer9Mix2Med8pH551",0,0,0,0,0,0,0,0,0,0,0,0,0.00201957433587075,0,0,0,0.0010874631039304,0,0,0,0,0,0,0,0.787789342861582,0,0,0,0,0,0,0.209103619698617,0,0,0.535090602234001,9,2,"8",5.5,1
"TrA1_Transfer9Mix2Med8pH552",0,0,0,0,0,0,0,0,0,0,0,0,0.00120981679917041,0,0,0,0,0,0,0,0,0,0,0,0.847217421361908,0,0,0,0,0,0,0.151572761838922,0,0,0.434564310542398,9,2,"8",5.5,2
"TrA1_Transfer9Mix2Med8pH553",0,0,0,0,0,0,0.00052863436123348,0,0,0,0,0,0.00246696035242291,0,0,0,0.00105726872246696,0,0,0,0,0,0,0,0.78431718061674,0,0,0,0.00017621145374449,0,0,0.211453744493392,0,0,0.546659253729892,9,2,"8",5.5,3
"TrA1_Transfer9Mix2Med8pH71",0,0.0111849003844809,0.0604683677036001,0.0364674356285681,0.0634976115577304,0.273797040661773,0,0,0,0,0,0,0,0.00442735640219038,0.00500990329721543,0.0681579867179308,0,0,0.0302924385413026,0,0.00128160316905511,0.265874402889433,0,0,0.0332051730164278,0,0,0.0694395898869859,0.0759641151112665,0,0.00093207503204007,0,0,0,2.07123475840826,9,2,"8",7,1
"TrA1_Transfer9Mix2Med8pH72",0,0.00903954802259887,0.0598870056497175,0.037904468412943,0.0683102208525937,0.228864920390344,0,0,0,0,0,0,0,0.00154083204930663,0.00349255264509502,0.0479712378017463,0.00154083204930663,0,0.0227015921931176,0,0.00205444273240883,0.346892655367232,0,0,0.023728813559322,0,0,0.0649203903441192,0.0796096558808423,0,0.00154083204930663,0,0,0,1.98506835153169,9,2,"8",7,2
"TrA1_Transfer9Mix2Med8pH73",0,0.00691676436107855,0.0643610785463072,0.0473622508792497,0.0580304806565064,0.206565064478312,0,0,0,0,0,0,0,0.0018757327080891,0.00480656506447831,0.0797186400937866,0.00070339976553341,0,0.0363423212192263,0,0.0018757327080891,0.334349355216882,0,0,0.0287221570926143,0,0,0.0411488862837046,0.0856975381008206,0,0.00105509964830012,0.00046893317702227,0,0,2.04374313003996,9,2,"8",7,3
"TrA1_Transfer9Mix2Med9pH551",0.00323516287371709,0.0165104863900045,0.134984381972334,0,0.0333556448014279,0.0423917893797412,0,0,0,0,0,0,0,0,0,0.224230254350736,0.00535475234270415,0,0.0663766175814369,0,0.00156180276662204,0,0,0,0.139558232931727,0,0.0419455600178492,0.2904953145917,0,0,0,0,0,0,1.92437672208171,9,2,"9",5.5,1
"TrA1_Transfer9Mix2Med9pH552",0.00454646263029497,0.0129740518962076,0.140385894876913,0.00210689731647815,0.0393657130184076,0.0516744289199379,0,0,0,0,0,0,0,0.00077622532712353,0,0.19882457307607,0.00266134397870925,0,0.0665335994677312,0,0.00232867598137059,0,0,0,0.137613661565757,0,0.047682412951874,0.292526058993125,0,0,0,0,0,0,1.96448787823943,9,2,"9",5.5,2
"TrA1_Transfer9Mix2Med9pH553",0.00321900321900322,0.0133200133200133,0.122988122988123,0,0.0295260295260295,0.0520590520590521,0,0,0,0,0,0,0,0,0,0.187701187701188,0.00777000777000777,0,0.0843600843600844,0,0.00122100122100122,0,0,0,0.122877122877123,0,0.0340770340770341,0.340770340770341,0.00011100011100011,0,0,0,0,0,1.90076684021853,9,2,"9",5.5,3
"TrA1_Transfer9Mix2Med9pH71",0.00310378273520854,0,0.0562560620756547,0.140252182347236,0.0327837051406402,0.337730358874879,0,0,0,0,0,0,0,0.00446168768186227,0.00446168768186227,0.158680892337536,0,0,0.0453928225024248,0,0,0,0,0,0,0,0.0541222114451988,0.0647914645974782,0.0977691561590689,0,0,0.00019398642095053,0,0,1.97889606629447,9,2,"9",7,1
"TrA1_Transfer9Mix2Med9pH72",0.00402308903270946,0.0164421899597691,0.0601714185761763,0.112296659086934,0.0939303830680427,0.348959244358929,0,0,0,0,0,0,0,0.00297358754591569,0.00542242434843449,0.112471576001399,0,0,0.0528249081686199,0,0,0,0,0,0,0,0.0395312226692321,0.0484519853069792,0.102501311876858,0,0,0,0,0,2.04850967955166,9,2,"9",7,2
"TrA1_Transfer9Mix2Med9pH73",0,0.0135994087213599,0.0617886178861789,0.124611973392461,0.062379896526238,0.351367331855137,0,0,0,0,0,0,0,0,0.0016260162601626,0.135550628233555,0,0,0.0600147819660015,0,0,0,0,0,0.00384331116038433,0,0.0449371766444937,0.0332594235033259,0.106725794530673,0,0,0.00029563932002956,0,0,1.99590261464334,9,2,"9",7,3
"TrA1_Transfer9Mix3Med10pH551",0,0,0,0,0,0,0,0,0,0,0,0,0,0,0,0,0,0,0,0,0,0,0,0,0.160720991363124,0,0,0,0,0,0,0.839279008636876,0,0,0.440863515982708,9,3,"10",5.5,1
"TrA1_Transfer9Mix3Med10pH552",0,0,0,0,0,0.00169981302056774,0,0,0,0,0,0,0,0,0,0,0,0,0,0,0,0,0,0,0.271460139384668,0,0,0,0,0,0,0.726840047594765,0,0,0.596705311648229,9,3,"10",5.5,2
"TrA1_Transfer9Mix3Med10pH553",0,0,0,0,0,0,0,0,0,0,0,0,0,0,0,0,0,0,0,0,0,0,0,0,0.160786699107867,0,0,0,0,0,0,0.839213300892133,0,0,0.440972106558274,9,3,"10",5.5,3
"TrA1_Transfer9Mix3Med10pH71",0,0,0,0,0,0.279439069676537,0,0,0,0,0,0,0,0,0,0,0,0,0.00078178442294537,0,0,0.587804163002052,0,0,0.068357275481286,0,0,0.00366461448255643,0.0536988175510603,0,0.00166129189875892,0.00459298348480407,0,0,1.07055652455135,9,3,"10",7,1
"TrA1_Transfer9Mix3Med10pH72",0,0,0,0,0,0,0,0,0,0,0,0,0,0,0,0,0,0,0,0,0,0,0,0,0,0,0,0,1,0,0,0,0,0,0,9,3,"10",7,2
"TrA1_Transfer9Mix3Med10pH73",0,0,0.00019203072491598,0,0,0.32966874699952,0,0,0,0,0,0,4.80076812289966e-05,0,0,0.00480076812289966,0,0,0,0,0,0.572059529524724,0,0,0.0237157945271243,0,0.00057609217474796,0.00508881421027364,0.0584253480556889,0,0,0.00542486797887662,0,0,1.02721037654873,9,3,"10",7,3
"TrA1_Transfer9Mix3Med11pH551",0,0,0,0,0,0,0,0,0,0,0,0,0,0,0,0,0,0,0,0,0,0,0,0,0.633243419216817,0,0,0,0.00074411682634173,0,0,0.366012463956841,0,0,0.662563962040808,9,3,"11",5.5,1
"TrA1_Transfer9Mix3Med11pH552",0,0,0,0,0,0,0,0,0,0,0,0,0,0,0,0,0,0,0,0,0,0,0,0,0.283867117565148,0,0,0,0,0,0,0.716132882434852,0,0,0.596568675202706,9,3,"11",5.5,2
"TrA1_Transfer9Mix3Med11pH553",0,0,0,0,0.00018244845831052,0,0,0,0,0,0,0,0,0,0,0,0,0,0,0,0,0,0,0,0.112570698777595,0,0,0,0,0,0,0.887246852764094,0,0,0.353587826118323,9,3,"11",5.5,3
"TrA1_Transfer9Mix3Med11pH71",0.00050358102059086,0.00525962399283796,0.0006154879140555,0.00699418084153984,0,0.825145478961504,0,0,0,0,0,0,0,0,0,0,0,0,0,0,0.00218218442256043,0,0,0,0.0362578334825425,0,0.0124776186213071,0.0261302596239928,0.073914503133393,0.00749776186213071,0,0.00117502238137869,0.00184646374216652,0,0.761625482925985,9,3,"11",7,1
"TrA1_Transfer9Mix3Med11pH73",0.00076335877862595,0.0136199276817999,0.00084371233427079,0.0183206106870229,0,0.731779831257533,0,0,0,0,0,0,0,0,0,0,0,0,4.01767778224186e-05,0,0.00180795500200884,0.00458015267175573,0,0,0.0455604660506227,0,0.0286862193652069,0.0142627561269586,0.111530735235034,0.0236641221374046,0,0.00196866211329851,0.00257131378063479,0,1.07229957534404,9,3,"11",7,3
"TrA1_Transfer9Mix3Med13pH551",0,0,0,0,0,0.0215929203539823,0,0,0,0,0,0,0,0,0,0,0,0,0,0,0,0,0,0,0.0166371681415929,0,0,0,0.949026548672566,0,0,0.0127433628318584,0,0,0.256212726628339,9,3,"13",5.5,1
"TrA1_Transfer9Mix3Med13pH552",0,0,0,0,0,0,0,0,0,0,0,0,0,0,0,0,0,0,0,0,0,0,0,0,0,0,0,0,1,0,0,0,0,0,0,9,3,"13",5.5,2
"TrA1_Transfer9Mix3Med13pH553",0,0,0,0,0,0,0,0,0,0,0,0,0,0,0,0,0,0,0,0,0,0,0,0,0,0,0,0,0,0,0,0,1,0,0,9,3,"13",5.5,3
"TrA1_Transfer9Mix3Med13pH71",0,0,0.287919680449099,0,0,0.492497031199395,0,0,0,0,0,0,0,0,0,0.00777285976465508,0,0,0,0,0,0,0,0,0,0,0,0,0.211810428586851,0,0,0,0,0,1.07379749676949,9,3,"13",7,1
"TrA1_Transfer9Mix3Med13pH72",0,0,0.0001589572405023,0,0,0.569543792719758,0,0,0,0,0,0,0,0,0,0,0,0,0,0,0.00778890478461294,0,0,0,0,0,0,0,0,0,0,0,0.422508345255126,0,0.723823714467628,9,3,"13",7,2
"TrA1_Transfer9Mix3Med13pH73",0,0,0.284719535783366,0,0,0.522114764667956,0,0,0,0,0,0,0,0,0,0,0,0,0.00077369439071566,0,0,0,0,0,0.00283687943262411,0,0,0,0.187234042553191,0,0,0,0.002321083172147,0,1.0469363450656,9,3,"13",7,3
"TrA1_Transfer9Mix3Med14pH71",0,0,0,0,0,0.00255152109911678,0,0,0,0,0,0,0,0,0,0,0,0,0.384690873405299,0,0,0,0,0,0.39450441609421,0,0,0,0,0,0,0.00098135426889107,0.217271835132483,0,1.08816065003474,9,3,"14",7,1
"TrA1_Transfer9Mix3Med14pH72",0,0,0,0.00471698113207547,0,0,0,0,0,0,0,0,0,0,0,0,0,0,0.343519278096801,0,0,0,0,0,0.272149302707137,0,0,0,0.0200984413453651,0,0.00492206726825267,0.0984413453650533,0.256152584085316,0,1.42827181904309,9,3,"14",7,2
"TrA1_Transfer9Mix3Med14pH73",0,0,0.00181776868893433,0.00295387411951829,0,0.0138604862531243,0,0,0,0,0,0,0,0,0,0,0,0,0.411042944785276,0,0,0,0,0,0.258804817087026,0,0,0,0.142240399909112,0,0,0,0.16927970915701,0,1.38132065323625,9,3,"14",7,3
"TrA1_Transfer9Mix3Med15ApH71",0,0,0,0,0,0,0,0,0,0,0,0,0,0,0,0,0,0,0,0,0,0,0,0,0,0,0,0,0,0,0,0,1,0,0,9,3,"15",7,1
"TrA1_Transfer9Mix3Med15ApH73",0,0,0,0,0,0,0,0,0,0,0,0,0,0,0,0,0,0,0,0,0,0,0,0,0.00491266375545852,0,0,0,0.0027292576419214,0,0,0,0.99235807860262,0,0.049840856243446,9,3,"15",7,3
"TrA1_Transfer9Mix3Med15BpH71",0,0,0,0,0,0,0,0,0,0,0,0,0,0,0,0,0,0,0,0,0,0,0,0,0,0,0,0,0.730290456431535,0,0,0,0.269709543568465,0,0.582969731540734,9,3,"15B",7,1
"TrA1_Transfer9Mix3Med15BpH73",0,0,0,0,0,0,0,0,0,0,0,0,0,0,0,0,0,0,0,0,0,0.00035523978685612,0,0,0,0,0,0,0.745648312611012,0,0,0,0.253996447602131,0,0.569755880421136,9,3,"15B",7,3
"TrA1_Transfer9Mix3Med16pH71",0,0,0,0,0,0,0,0,0,0,0,0,0,0,0,0,0,0,0,0,0.227386411004585,0,0,0,0,0,0,0,0.77157148812005,0,0,0.00104210087536474,0,0,0.544027139171616,9,3,"16",7,1
"TrA1_Transfer9Mix3Med16pH73",0,0,0,0,0,0,0,0,0,0,0,0,0,0,0,0,0,0,0,0,0.118313689936537,0,0,0,0,0,0,0,0.880326382592928,0,0,0.0013599274705349,0,0,0.373715216474195,9,3,"16",7,3
"TrA1_Transfer9Mix3Med1pH71",0,0.0872196076034472,0,0.0198031905140273,0,0.723977751971151,0,0,0,0,0,0,0,0,0,0.00048896766701301,0,0,0,0.0229814803496119,0.0141800623433775,0,0,0,0,0,0.00275044312694823,0,0.0573314589572764,0,0,0.0002444838335065,0.071022553633641,0,1.04504420833922,9,3,"1",7,1
"TrA1_Transfer9Mix3Med1pH72",0,0.0972908658246385,0,0.0168405637927878,0,0.681951308804686,0,0,0,0,0,0,0,0,0,0,0,0,0,0.0401793886143145,0.0198608822991031,0,0,0,0,0,0,0,0.134999084751968,0,0,0,0.00887790591250229,0,1.07578018998184,9,3,"1",7,2
"TrA1_Transfer9Mix3Med1pH73",0,0.104402872260015,0,0.0125661375661376,0,0.684334845049131,0,0,0,0,0,0,0,0,0,0,0,0,0,0.0308956916099773,0.0178571428571429,0,0,0,0,0,0.00425170068027211,0,0.0661375661375661,0,0,0,0.0795540438397581,0,1.13400407259101,9,3,"1",7,3
"TrA1_Transfer9Mix3Med2pH551",0,0,0,0,0,0,0,0,0,0,0,0,0,0,0,0,0,0,0,0,0,0,0,0,0,0,0,0,0.217419777341192,0,0,0.782580222658808,0,0,0.523622807119628,9,3,"2",5.5,1
"TrA1_Transfer9Mix3Med2pH552",0,0,0,0,0,0,0,0,0,0,0,0,0,0,0,0,0,0,0,0,0,0,0,0,0.0518101018859744,0,0,0,0.00021677866897897,0,0,0.947973119445047,0,0,0.205844979408604,9,3,"2",5.5,2
"TrA1_Transfer9Mix3Med2pH553",0,0,0.00019550342130987,0,0,0,0,0,0,0,0,0,0,0,0,0,0,0,0,0,0,0,0,0,0.0437927663734115,0,0,0,0,0,0,0.956011730205279,0,0,0.181672190821985,9,3,"2",5.5,3
"TrA1_Transfer9Mix3Med2pH71",0,0,0,0,0,0,0,0,0,0,0,0,0,0,0,0,0,0,0.00168192861147449,0,0,0.0269108577835919,0,0,0.0691459540272846,0,0,0,0,0,0,0.902261259577649,0,0,0.385557165639497,9,3,"2",7,1
"TrA1_Transfer9Mix3Med2pH72",0,0,0,0,0,0.00687285223367698,0,0,0,0,0,0,0,0,0,0,0,0,0.00107388316151203,0,0,0.0208333333333333,0,0,0.0562714776632302,0,0,0,0,0,0,0.914948453608247,0,0,0.365472110842943,9,3,"2",7,2
"TrA1_Transfer9Mix3Med2pH73",0,0,0,0,0,0,0,0,0,0,0,0,0,0,0,0,0,0,0,0,0,0,0,0,0.0479214780600462,0,0,0,0.552540415704388,0,0,0.399538106235566,0,0,0.839932148386224,9,3,"2",7,3
"TrA1_Transfer9Mix3Med3pH551",0,0,0,0,0,0,0,0,0,0,0,0,0,0,0,0,0,0,9.7570494682408e-05,0,0,0,0,0,0.911552346570397,0,0,0,0.00019514098936481,0,0,0.0881549419455557,0,0,0.301081681903305,9,3,"3",5.5,1
"TrA1_Transfer9Mix3Med3pH552",0,0,0,0,0,0,0,0,0,0,0,0,0,0,0,0,4.2870616479465e-05,0,0,0,0,0,0,0,0.973162994083855,0,0,0,0,0,0,0.0267941352996656,0,0,0.123888100292975,9,3,"3",5.5,2
"TrA1_Transfer9Mix3Med3pH553",0,0,0,0,0,0,0,0,0,0,0,0,0,0,0,0,0,0,0,0,0,0,0,0,0.966082317073171,0,0,0,0,0,0,0.0339176829268293,0,0,0.148107155006718,9,3,"3",5.5,3
"TrA1_Transfer9Mix3Med3pH71",0,0.00214752158478328,0.00043826971118026,0,0,0.0966384713152474,0,0,0,0,0,0,0,0,0,0,0,0,0.042030065302187,0,0.00096419336459657,0.748915282464829,0,0,0.0720515405180348,0,0,0.0113511855195687,0.0154709208046632,0.00560985230310733,0,0.00354998466056011,0.00083271245124249,0,0.958702325134247,9,3,"3",7,1
"TrA1_Transfer9Mix3Med3pH72",0,0,0,0.00085080826785446,0,0.236724888644212,0,0,0,0,0,0,0,0,0,0,0,0,0.0321805715429658,0,0,0.618887943546369,0,0,0.0431910314799059,0,0,0.0223712526900556,0.036484660427406,0.00490465942645513,0,0.00320304289074621,0.00120114108402983,0,1.14872058927736,9,3,"3",7,2
"TrA1_Transfer9Mix3Med3pH73",0,0.00284862537263995,0,0.00059622391520371,0,0.173633653527658,0,0,0,0,0,0,0,0,0,0,0,0,0.0361709175223584,0,0.00112620072871812,0.707585293143425,0,0,0.0359721762172905,0,0,0.0137793971513746,0.0183504471679364,0.00496853262669758,0,0.00377608479629016,0.00119244783040742,0,1.00505255216373,9,3,"3",7,3
"TrA1_Transfer9Mix3Med4pH551",0,0,0,0,0,0,0,0,0,0,0,0,0,0,0,0,0,0,0,0,0,0,0,0,0.934583934583935,0,0,0,0,0,0,0.0654160654160654,0,0,0.241616976842876,9,3,"4",5.5,1
"TrA1_Transfer9Mix3Med4pH552",0,0,0,0,0,0,0,0,0,0,0,0,0,0,0,0,0,0,0,0,0,0,0,0,0.690157138725537,0,0,0,0.00019280825219319,0,0,0.309650053022269,0,0,0.620590959719258,9,3,"4",5.5,2
"TrA1_Transfer9Mix3Med4pH553",0,0,0,0,0,0,0,0,0,0,0,0,0,0,0,0,0,0,0,0,0,0,0,0,0.990006775067751,0,0,0,0,0,0,0.00999322493224932,0,0,0.0559703997877616,9,3,"4",5.5,3
"TrA1_Transfer9Mix3Med4pH71",0,0,0,0,0,0.103782735208535,0,0,0,0,0,0,0.032007759456838,0,0,0,0,0,0.691561590688652,0,0,0,0,0,0.00630455868089234,0,0,0,0.166343355965082,0,0,0,0,0,0.930641000075155,9,3,"4",7,1
"TrA1_Transfer9Mix3Med4pH72",0,0,0,0,0,0.0336787564766839,0,0,0,0,0,0,0.048045219029675,0,0,0,0,0,0.732454074422986,0,0,0,0,0,0,0,0,0,0.185821950070655,0,0,0,0,0,0.800832622454515,9,3,"4",7,2
"TrA1_Transfer9Mix3Med4pH73",0,0,0,0,0,0.0246723207401696,0,0,0,0,0,0,0.0480596247751221,0,0,0,0,0,0.758673862760216,0,0,0,0,0,0,0,0,0,0.168594191724492,0,0,0,0,0,0.746889388809134,9,3,"4",7,3
"TrA1_Transfer9Mix3Med5pH551",0,0,0,0,0,0,0,0,0,0,0,0,0,0,0,0,0,0,0,0,0,0,0,0,0.0243318707618668,0,0,0,0,0,0,0.975668129238133,0,0,0.114449879069733,9,3,"5",5.5,1
"TrA1_Transfer9Mix3Med5pH552",0,0,0,0,0,0.00173272687892571,0,0,0,0,0,0,0,0,0,0,0,0,0,0,0,0,0,0,0.0242581763049599,0,0,0,0,0,0,0.974009096816114,0,0,0.126883149596796,9,3,"5",5.5,2
"TrA1_Transfer9Mix3Med5pH553",0,0,0,0,0,0,0,0,0,0,0,0,0,0,0,0,0,0,0,0,0,0,0,0,0.0387307512832478,0,0,0,0,0,0,0.961269248716752,0,0,0.163889214455664,9,3,"5",5.5,3
"TrA1_Transfer9Mix3Med5pH71",0.00030352084176446,0.00966208012950223,0.00126467017401862,0.00126467017401862,0,0.152468636179684,0,0,0,0,0,0,0,0,0,0.00748684743019021,0,0,0.0384459732901659,0,0.00298462161068393,0.657324969647916,0,0,0.0320720356131121,0,0.00146701740186159,0.0131019830028329,0.0651052205584784,0.00966208012950223,0,0.00050586806960744,0.00687980574666127,0,1.2434627111474,9,3,"5",7,1
"TrA1_Transfer9Mix3Med5pH72",7.78452436556126e-05,0.013467227152421,0,0.00272458352794644,0,0.0558928849447299,0,0,0,0,0,0.00046707146193367,0,0,0,0.00770667912190565,0,0,0.0431262649852094,0,0.00295811925891328,0.733380040479527,0,0,0.00747314339093881,0,0,0.0507550988634594,0.0645337069905029,0.00731745290362759,0,0.00077845243655612,0.00934142923867352,0,1.10729233698619,9,3,"5",7,2
"TrA1_Transfer9Mix3Med5pH73",0,0.0122157344806392,0.00099877074370006,0.00122925629993854,0,0.0458666256914567,0,0,0,0,0,0,0,0.00030731407498463,0,0.00099877074370006,0,0,0.0434849416103258,0,0.00353411186232329,0.745159803318992,0,0,0.00968039336201598,0,0,0.0562384757221881,0.0645359557467732,0.00691456668715427,0,0,0.00883527965580824,0,1.05497757342825,9,3,"5",7,3
"TrA1_Transfer9Mix3Med7pH551",0,0,0,0,0,0.00106179655977915,0,0,0,0,0,0,0,0,0,0,0,0,0,0,0,0,0,0,0.0961987683159907,0,0,0.00488426417498407,0,0,0,0.897855170949246,0,0,0.355238387205411,9,3,"7",5.5,1
"TrA1_Transfer9Mix3Med7pH552",0,0,0.00031031807602792,0,0,0,0,0,0,0,0,0,0,0,0,0,0,0,0,0,0,0,0,0,0.135143522110163,0,0,0,0,0,0,0.864546159813809,0,0,0.398820587171464,9,3,"7",5.5,2
"TrA1_Transfer9Mix3Med7pH553",0,0,0,0,0,0,0,0,0,0,0,0,0,0,0,0,0,0,0.00014634860237084,0,0,0,0,0,0.0942484999268257,0,0,0,0,0,0,0.905605151470803,0,0,0.313682670725866,9,3,"7",5.5,3
"TrA1_Transfer9Mix3Med7pH71",0,0.0210033935614051,0.00100889663395396,0.00596166192790975,0,0.0254975694762909,0,0,0,0,0,0,0,0,0.00376043290837384,0,0,0,0.00596166192790975,0,0.00862148032651564,0.630101806842154,0,0,0.0095386590846556,0,0,0.112262679996331,0.13886086398239,0.0327432816655966,0,0.00036687150325598,0.00431074016325782,0,1.298103518863,9,3,"7",7,1
"TrA1_Transfer9Mix3Med7pH72",0,0.0237491119456003,0.00081193545113163,0.00730741906018472,0,0.0273013295443012,0,0,0,0,0,0,0,0,0.00954024155079671,0,0,0,0.0108596366588856,0,0.0082208464427078,0.602557596671065,0,0,0,0,0.00588653202070435,0.131330559220542,0.117020196894347,0.0330863696336141,0.0161372170912412,0,0.00619100781487872,0,1.42580275915133,9,3,"7",7,2
"TrA1_Transfer9Mix3Med7pH73",0,0.015285219035613,0.00078789788843365,0.00472738733060195,0,0.0229278285534195,0,0,0,0,0,0,0,0,0.00559407500787898,0,0,0,0.00653955247399937,0,0.00598802395209581,0.60416010085093,0,0,0,0,0.00661834226284274,0.118578632209266,0.138591238575481,0.0337220296249606,0.028206744405925,0.00102426725496376,0.00724866057358966,0,1.39605174646915,9,3,"7",7,3
"TrA1_Transfer9Mix3Med8pH551",0,0,0.00050131595438024,0,0,0,0,0,0,0,0,0,0.00116973722688725,0,0,0,0,0,0.00029243430672181,0,8.35526590633747e-05,0,0,0,0.880895684505159,0,0,0.00200526381752099,0.0010026319087605,0.00012532898859506,0.00012532898859506,0.113673392655721,0.00012532898859506,0,0.396514318979666,9,3,"8",5.5,1
"TrA1_Transfer9Mix3Med8pH552",0,0,0,0,0,0,0,0,0,0,0,0,0.00139522404078347,0,0,0,0,0,0,0,0,0,0,0,0.86289240676147,0,0,0,0,0,0,0.135712369197746,0,0,0.40746696850242,9,3,"8",5.5,2
"TrA1_Transfer9Mix3Med8pH553",0,0,0,0,0,0,0,0,0,0,0,0,0.00118377010368193,0,0,0,0,0,0,0,0,0,0,0,0.85860070209813,0,0,0,0,0,0,0.140215527798188,0,0,0.414336143182268,9,3,"8",5.5,3
"TrA1_Transfer9Mix3Med8pH71",0.00194108243891299,0,0.0514957752911624,0.114638045215803,0.0542361269696278,0.244690568622973,0,0,0,0,0,0,0,0,0.00091345055948846,0.0384791048184517,0,0,0.0358529344599224,0,0.00102763187942453,0.278031514044302,0,0,0.0419045444165335,0,0.0271751541447819,0.078100022836264,0.0244348024663165,0.00376798355788993,0.00022836263987211,0.00125599451929664,0.00182690111897694,0,2.09333762897419,9,3,"8",7,1
"TrA1_Transfer9Mix3Med8pH72",0.0003727634194831,0.00559145129224652,0.0622514910536779,0.115556660039761,0.0505715705765408,0.263295228628231,0,0,0,0,0,0,0,0,0.00086978131212723,0.0468439363817097,0,0,0.0347912524850895,0,0,0.267892644135189,0,0,0.0349155069582505,0,0.0120526838966203,0.0641153081510934,0.0319333996023857,0.00621272365805169,0.0007455268389662,0,0.00198807157057654,0,2.08146840419196,9,3,"8",7,2
"TrA1_Transfer9Mix3Med8pH73",0.00149925037481259,0,0.0401986506746627,0.0851761619190405,0.0502248875562219,0.248125937031484,0,0,0,0,0,0,0,0,0,0.0371064467766117,0,0,0.0196776611694153,0,0.00149925037481259,0.293103448275862,0,0,0.0238943028485757,0,0.0642803598200899,0.0887368815592204,0.0362631184407796,0.00477886056971514,0.00037481259370314,0.00262368815592204,0.00243628185907046,0,2.07339333966703,9,3,"8",7,3
"TrA1_Transfer9Mix3Med9pH551",0.00229048773915387,0.00983562382107249,0.173133926165454,0.00161681487469685,0.0683104284559418,0.0581379682026408,0,0,0,0,0,0,0,0,0,0.0674346537321477,0,0,0.0726893020749124,0,0.00175154944758825,0,0,0,0.0276205874427378,0,0.033009970358394,0.48416868768526,0,0,0,0,0,0,1.66854959521981,9,3,"9",5.5,1
"TrA1_Transfer9Mix3Med9pH552",0.00429031104755095,0.0216899058515076,0.261947324514361,0.0166845429626981,0.0634012632582529,0.04421403885115,0,0,0,0,0,0,0,0,0,0.0934334405911095,0,0,0.0763913717077822,0,0.00214515552377547,0,0,0,0.0153736145870576,0,0.0363484685973066,0.364080562507448,0,0,0,0,0,0,1.82211345637,9,3,"9",5.5,2
"TrA1_Transfer9Mix3Med9pH553",0.0026232473993668,0.0158299412030755,0.164993215739484,0.0159203980099502,0.0454093170511081,0.062415196743555,0,0,0,0,0,0,0,0,0,0.0876526458616011,0,0,0.0776119402985075,0,0,0,0,0,0.0236092265943012,0,0.0385345997286296,0.465309814563546,9.04568068747173e-05,0,0,0,0,0,1.74047490602087,9,3,"9",5.5,3
"TrA1_Transfer9Mix3Med9pH71",0.00394563787812363,0.0128890837352039,0.0702323542306006,0.181937746602367,0.0362998684787374,0.414379658044717,0,0,0,0,0,0,0,0,0,0.0915387987724682,0,0,0.0362998684787374,0,0,0,0,0,0,0,0.0431389741341517,0.0558526961858834,0.0385795703638755,0.0149057430951337,0,0,0,0,1.88416738690402,9,3,"9",7,1
"TrA1_Transfer9Mix3Med9pH72",0.00521827669593993,0.0157821051291842,0.102456408298333,0.238767977599593,0.037037037037037,0.3277332315133,0,0,0,0,0,0,0,0,0,0.0487463408425608,0,0,0.0492554410080183,0,0.00178185057910144,0,0,0,0,0,0.061601120020364,0.0467099401807306,0.0463281150566374,0.0174366806669212,0,0,0.0011454753722795,0,1.99830411302229,9,3,"9",7,2
"TrA1_Transfer9Mix3Med9pH73",0.00177357375110848,0.0130062075081289,0.097448024435905,0.229480737018425,0.0485762144053601,0.293033796433146,0,0,0,0,0,0,0,0,0,0.114986698196867,0,0,0.0581338062863336,0,0.00187210562617007,0,0,0,0.00867080500541925,0,0.0459158537786974,0.0205931618878707,0.0443393437777121,0.0157651000098532,0,0.00453246625283279,0.00187210562617007,0,2.06725606586988,9,3,"9",7,3
